"","datetime","primary_VS_loading_pct","primary_VS_loading_7dayavg_pct","twas_VS_loading_pct","twas_VS_loading_7dayavg_pct","external_organic_loading_pct","external_organic_loading_7dayavg_pct","biogas_produced_avg_cfday","methane_produced_total_cfday","methane_produced_avg_cfmin","volatile_solids_reduction_avg_pct","temperature_deg_c","detention_time_1_dig_in_service_days","primary_flow_total_mgd","twas_flow_total_mg","fog_slurry_flow_total_mg","fog_flow_total_gal","total_feed_flow_mgd","waste_provider_daily_fw_total_1_mgd","waste_provider_daily_fw_total_2_mgd","waste_provider_load_gal","primary_flow_pct","twas_flow_pct","fog_flow_pct","primary_TS_pct","twas_TS_pct","slurry_TS_pct","waste_provider_TS_pct","primary_VS_pct","twas_VS_pct","slurry_VS_pct","waste_provider_VS_pct_user","waste_provider_VS_pct","waste_provider_ammonia_wet_weight_mgkg","waste_provider_cod_wet_weight_mgkg","ph_su","alkalinity_mgl","volatile_acids_mgl","va_alk_ratio","total_solids_pct","volatile_solids_pct","vslr_lbs_vs_cf_digester_volumeday","vslr_lbs_vs_cf_digester_volumeday_7dayavg","waste_provider_ammonia_dry_weight_mgkg","waste_provider_cod_dry_weight_mgkg","daily_ccr_digester","daily_ccr_slurry"
"1",2021-03-12,NA,NA,NA,NA,NA,NA,332920,NA,169,57.98,38.8,NA,0.0311,0.01601,0.022,27000,0.0691,NA,NA,NA,44.96,23.17,31.83,NA,NA,NA,NA,NA,NA,NA,NA,NA,NA,NA,7.24,4076,41,0.01,2.2,74,NA,NA,NA,NA,339.265432098765,544.026184538653
"2",2021-03-13,NA,NA,NA,NA,NA,NA,324940,NA,165,NA,38.8,NA,0.0221,0.011814,0.0083,6000,0.0422,NA,NA,NA,52.3,27.98,19.66,NA,NA,NA,NA,NA,NA,NA,NA,NA,NA,NA,NA,NA,NA,NA,NA,NA,NA,NA,NA,NA,81,519.865598885794
"3",2021-03-14,NA,NA,NA,NA,NA,NA,269090,NA,123,NA,38.8,NA,0.0227,0.009932,0.0013,NA,0.0339,NA,NA,NA,66.97,29.31,3.84,NA,NA,NA,NA,NA,NA,NA,NA,NA,NA,NA,NA,NA,NA,NA,NA,NA,NA,NA,NA,NA,81,507.140988372093
"4",2021-03-15,NA,NA,NA,NA,NA,NA,174480,NA,99,NA,38.8,NA,0.0253,0.012424,0.0214,22700,0.0591,NA,NA,NA,42.78,21.01,36.19,NA,NA,NA,NA,NA,NA,NA,NA,NA,NA,NA,7.2,4380,35,0.01,2.3,73.6,NA,NA,NA,NA,81,484.965517241379
"5",2021-03-16,NA,NA,NA,NA,NA,NA,324240,NA,152,92.35,38.8,NA,0.0238,0.011164,0.025,25500,0.06,NA,NA,NA,39.61,18.62,41.69,NA,NA,NA,NA,NA,NA,NA,NA,NA,NA,NA,NA,NA,53,NA,NA,NA,NA,NA,NA,NA,452.842007434944,915.033747779751
"6",2021-03-17,NA,NA,NA,NA,NA,NA,325250,NA,147,NA,38.8,NA,0.0265,0.009899,0.0197,22200,0.056,NA,NA,NA,47.24,17.66,35.15,NA,NA,NA,NA,NA,NA,NA,NA,NA,NA,NA,7.16,4232,59,0.01,2,72.5,NA,NA,NA,NA,393.376569037657,1273.09381663113
"7",2021-03-18,NA,NA,NA,NA,NA,NA,236470,NA,117,93.11,38.7,NA,0.0216,0.008342,0.0222,26250,0.0521,NA,NA,NA,41.34,16,42.59,NA,NA,NA,NA,NA,NA,NA,NA,NA,NA,NA,NA,NA,55,NA,NA,NA,NA,NA,NA,NA,409.210562890896,1416.84655532359
"8",2021-03-19,NA,NA,NA,NA,NA,NA,343900,NA,168,NA,38.8,NA,0.0355,0.008385,0.024,23400,0.0679,NA,NA,NA,52.27,12.35,35.34,NA,NA,NA,NA,NA,NA,NA,NA,NA,NA,NA,NA,NA,NA,NA,NA,NA,NA,NA,NA,NA,454.027139874739,1409.94153846154
"9",2021-03-20,NA,NA,NA,NA,NA,NA,346830,NA,172,NA,38.8,NA,0.0287,0.011556,0.018,5500,0.0583,NA,NA,NA,49.22,19.83,30.89,NA,NA,NA,NA,NA,NA,NA,NA,NA,NA,NA,NA,NA,NA,NA,NA,NA,NA,NA,NA,NA,670.039610840862,1386.82352941176
"10",2021-03-21,NA,NA,NA,NA,NA,NA,340700,NA,174,NA,38.8,NA,0.0252,0.01259,0.0082,NA,0.0459,NA,NA,NA,54.81,27.4,17.85,NA,NA,NA,NA,NA,NA,NA,NA,NA,NA,NA,NA,NA,NA,NA,NA,NA,NA,NA,NA,NA,569.639777468706,1217.52155771905
"11",2021-03-22,NA,NA,NA,NA,NA,NA,181990,NA,105,NA,38.8,NA,0.025,0.014355,0.0214,20500,0.0607,NA,NA,NA,41.14,23.64,35.24,NA,NA,NA,NA,NA,NA,NA,NA,NA,NA,NA,7.08,4128,38,0.01,2.1,73.5,NA,NA,NA,NA,449.650451702571,1410.18283321703
"12",2021-03-23,NA,NA,NA,NA,NA,NA,346690,NA,172,NA,38.8,NA,0.0318,0.014131,0.017,14700,0.063,NA,NA,NA,50.55,22.44,27,NA,NA,NA,NA,NA,NA,NA,NA,NA,NA,NA,NA,NA,40,NA,NA,NA,NA,NA,NA,NA,509.424600416956,1519.13732394366
"13",2021-03-24,NA,NA,NA,NA,NA,NA,350410,NA,176,80.08,38.8,NA,0.0328,0.016554,0.0207,23710,0.07,NA,NA,NA,46.75,23.63,29.55,NA,NA,NA,NA,NA,NA,NA,NA,NA,NA,NA,7.15,4210,55,0.01,NA,NA,NA,NA,NA,NA,600.839471855455,1557.86414253898
"14",2021-03-25,NA,NA,NA,NA,NA,NA,311330,NA,166,NA,38.8,NA,0.0292,0.015424,0.0253,24500,0.07,NA,NA,NA,41.78,22.03,36.14,NA,NA,NA,NA,NA,NA,NA,NA,NA,NA,NA,NA,NA,41,NA,NA,NA,NA,NA,NA,NA,671.415331010453,1554.88348082596
"15",2021-03-26,NA,NA,NA,NA,NA,NA,343690,NA,182,60.32,38.8,NA,0.0312,0.016959,0.0112,18300,0.0594,NA,NA,NA,52.58,28.56,18.86,NA,NA,NA,NA,NA,NA,NA,NA,NA,NA,NA,7.19,4048,40,0.01,2.2,73.3,NA,NA,NA,NA,669.207942238267,1425.64456035768
"16",2021-03-27,NA,NA,NA,NA,NA,NA,341010,NA,180,NA,38.8,NA,0.0283,0.014815,0.0153,6000,0.0584,NA,NA,NA,48.42,25.36,26.19,NA,NA,NA,NA,NA,NA,NA,NA,NA,NA,NA,NA,NA,NA,NA,NA,NA,NA,NA,NA,NA,592.005555555556,1324.14305555556
"17",2021-03-28,NA,NA,NA,NA,NA,NA,307300,NA,162,NA,38.8,NA,0.0285,0.014537,0.0012,NA,0.0443,NA,NA,NA,64.42,32.81,2.71,NA,NA,NA,NA,NA,NA,NA,NA,NA,NA,NA,NA,NA,NA,NA,NA,NA,NA,NA,NA,NA,608.680584551148,1188.1155184412
"18",2021-03-29,NA,NA,NA,NA,NA,NA,202960,NA,128,82.64,38.8,NA,0.0246,0.012136,0.0223,24210,0.0591,NA,NA,NA,41.68,20.54,37.75,NA,NA,NA,NA,NA,NA,NA,NA,NA,NA,NA,7.35,4274,43,0.01,2.1,73.6,NA,NA,NA,NA,614.375175315568,1336.31767180926
"19",2021-03-30,NA,NA,NA,NA,NA,NA,350700,NA,201,NA,38.8,NA,0.0184,0.01088,0.0129,15500,0.0422,NA,NA,NA,43.61,25.81,30.6,NA,NA,NA,NA,NA,NA,NA,NA,NA,NA,NA,NA,NA,60,NA,NA,NA,NA,NA,NA,NA,592.413240418118,1343.1637630662
"20",2021-03-31,NA,NA,NA,NA,NA,NA,320510,NA,165,NA,38.8,NA,0.0164,0.008125,0.0242,22700,0.0487,NA,NA,NA,33.69,16.67,49.66,NA,NA,NA,NA,NA,NA,NA,NA,NA,NA,NA,7.21,4238,44,0.01,2.1,73.8,NA,NA,NA,NA,666.662491301322,1412.85803757829
"21",2021-04-01,NA,NA,NA,NA,NA,NA,313280,NA,167,NA,38.8,NA,0.0256,0.00798,0.0139,17200,0.0474,NA,NA,NA,53.94,16.84,29.33,NA,NA,NA,NA,NA,NA,NA,NA,NA,NA,NA,NA,NA,63,NA,NA,NA,NA,NA,NA,NA,635.804181184669,1292.59581881533
"22",2021-04-02,NA,NA,NA,NA,NA,NA,269820,NA,134,70.04,38.8,NA,0.0218,0.007284,0.0116,21000,0.0407,NA,NA,NA,53.53,17.9,28.5,NA,NA,NA,NA,NA,NA,NA,NA,NA,NA,NA,7.19,4218,49,0.01,2.1,73.8,NA,NA,NA,NA,519.724808895066,1293.19179986101
"23",2021-04-03,NA,NA,NA,NA,NA,NA,307660,NA,149,NA,38.8,NA,0.0261,0.007437,0.0107,11200,0.0443,NA,NA,NA,58.97,16.79,24.15,NA,NA,NA,NA,NA,NA,NA,NA,NA,NA,NA,NA,NA,NA,NA,NA,NA,NA,NA,NA,NA,438.491313412092,1180.30229325921
"24",2021-04-04,NA,NA,NA,NA,NA,NA,205350,NA,102,NA,38.8,NA,0.0179,0.008496,0.0064,NA,0.0328,NA,NA,NA,54.54,25.93,19.53,NA,NA,NA,NA,NA,NA,NA,NA,NA,NA,NA,NA,NA,NA,NA,NA,NA,NA,NA,NA,NA,382.25260960334,1075.97286012526
"25",2021-04-05,NA,NA,NA,NA,NA,NA,256550,NA,130,NA,38.8,NA,0.0161,0.008902,0.0178,16000,0.0428,NA,NA,NA,37.69,20.79,41.57,NA,NA,NA,NA,NA,NA,NA,NA,NA,NA,NA,7.25,4306,51,0.01,2,73.7,NA,NA,NA,NA,295.986101459347,1092.8575399583
"26",2021-04-06,NA,NA,NA,NA,NA,NA,148480,NA,86,NA,38.8,NA,0.0171,0.008747,0.0269,28200,0.0527,NA,NA,NA,32.37,16.6,51.04,NA,NA,NA,NA,NA,NA,NA,NA,NA,NA,NA,NA,NA,55,NA,NA,NA,NA,NA,NA,NA,353.31843575419,1244.13407821229
"27",2021-04-07,NA,NA,NA,NA,NA,NA,361500,NA,181,NA,38.8,NA,0.0196,0.009058,0.0309,22500,0.0596,NA,NA,NA,32.94,15.21,51.88,NA,NA,NA,NA,NA,NA,NA,NA,NA,NA,NA,7.19,4222,71,0.02,2.1,74.3,NA,NA,NA,NA,503.577622377622,1134.53916083916
"28",2021-04-08,NA,NA,NA,NA,NA,NA,360260,NA,175,NA,38.8,NA,0.0231,0.009177,0.0343,28500,0.0665,NA,NA,NA,34.67,13.79,51.56,NA,NA,NA,NA,NA,NA,NA,NA,NA,NA,NA,NA,NA,68,NA,NA,NA,NA,NA,NA,NA,603.717859624739,1205.90896455872
"29",2021-04-09,NA,NA,NA,NA,NA,NA,352770,NA,176,72.76,38.8,NA,0.0204,0.009199,0.0214,28000,0.0509,NA,NA,NA,39.97,18.06,42.02,NA,NA,NA,NA,NA,NA,NA,NA,NA,NA,NA,7.19,4190,59,0.01,2.1,72.8,NA,NA,NA,NA,607.027835768963,802.009046624913
"30",2021-04-10,NA,NA,NA,NA,NA,NA,345980,NA,177,NA,38.8,NA,0.0182,0.010004,0.0093,6000,0.0375,NA,NA,NA,48.53,26.65,24.78,NA,NA,NA,NA,NA,NA,NA,NA,NA,NA,NA,NA,NA,NA,NA,NA,NA,NA,NA,NA,NA,432.354412786657,548.726893676164
"31",2021-04-11,NA,NA,NA,NA,NA,NA,256240,NA,120,NA,38.8,NA,0.02,0.010669,0.0034,NA,0.0341,NA,NA,NA,58.66,31.33,9.98,NA,NA,NA,NA,NA,NA,NA,NA,NA,NA,NA,NA,NA,NA,NA,NA,NA,NA,NA,NA,NA,345.954102920723,590.624478442281
"32",2021-04-12,NA,NA,NA,NA,NA,NA,271970,NA,143,NA,38.8,NA,0.0199,0.010709,0.0089,6000,0.0395,NA,NA,NA,50.43,27.09,22.51,NA,NA,NA,NA,NA,NA,NA,NA,NA,NA,NA,7.25,4340,49,0.01,2,73.5,NA,NA,NA,NA,343.277855153203,594.271587743733
"33",2021-04-13,NA,NA,NA,NA,NA,NA,209300,NA,120,NA,38.8,NA,0.0194,0.01276,0.0164,20350,0.0486,NA,NA,NA,40.01,26.27,33.77,NA,NA,NA,NA,NA,NA,NA,NA,NA,NA,NA,NA,NA,74,NA,NA,NA,NA,NA,NA,NA,513.633891213389,620.145746164575
"34",2021-04-14,NA,NA,NA,NA,NA,NA,293680,NA,156,61.68,38.8,NA,0.0208,0.014363,0.0152,16500,0.0504,NA,NA,NA,41.38,28.51,30.18,NA,NA,NA,NA,NA,NA,NA,NA,NA,NA,NA,7.24,4298,60,0.01,2.1,74.5,NA,NA,NA,NA,579.632240055827,623.042568039079
"35",2021-04-15,NA,NA,NA,NA,NA,NA,301530,NA,160,NA,38.8,NA,0.029,0.015597,0.0211,23550,0.0657,NA,NA,NA,44.17,23.75,32.14,NA,NA,NA,NA,NA,NA,NA,NA,NA,NA,NA,NA,NA,61,NA,NA,NA,NA,NA,NA,NA,565.344033496162,600.457780879274
"36",2021-04-16,NA,NA,NA,NA,NA,NA,356630,NA,165,73.34,38.8,NA,0.0267,0.014306,0.0079,18000,0.0488,NA,NA,NA,54.63,29.29,16.18,NA,NA,NA,NA,NA,NA,NA,NA,NA,NA,NA,7.16,4324,71,0.02,2.1,74.2,NA,NA,NA,NA,420.690592334495,563.383275261324
"37",2021-04-17,NA,NA,NA,NA,NA,NA,237820,NA,122,NA,38.8,NA,0.0278,0.011616,0.0148,11000,0.0542,NA,NA,NA,51.29,21.43,27.31,NA,NA,NA,NA,NA,NA,NA,NA,NA,NA,NA,NA,NA,NA,NA,NA,NA,NA,NA,NA,NA,371.046527777778,577.975
"38",2021-04-18,NA,NA,NA,NA,NA,NA,364940,NA,165,NA,38.8,NA,0.0217,0.012467,0.0065,NA,0.0407,NA,NA,NA,53.26,30.67,15.99,NA,NA,NA,NA,NA,NA,NA,NA,NA,NA,NA,NA,NA,NA,NA,NA,NA,NA,NA,NA,NA,365.341446453408,572.755215577191
"39",2021-04-19,NA,NA,NA,NA,NA,NA,247550,NA,119,74.8,38.8,NA,0.0189,0.012637,0.0206,17700,0.0521,NA,NA,NA,36.23,24.24,39.52,NA,NA,NA,NA,NA,NA,NA,NA,NA,NA,NA,7.25,4422,76,0.02,2.1,74.1,NA,NA,NA,NA,436.124391938846,598.059763724809
"40",2021-04-20,NA,NA,NA,NA,NA,NA,351240,NA,190,NA,38.8,NA,0.0181,0.011755,0.0243,18000,0.0542,NA,NA,NA,33.46,21.68,44.82,NA,NA,NA,NA,NA,NA,NA,NA,NA,NA,NA,NA,NA,64,NA,NA,NA,NA,NA,NA,NA,497.885337039611,604.469770674079
"41",2021-04-21,NA,NA,NA,NA,NA,NA,347160,NA,171,NA,38.8,NA,0.0216,0.010751,0.0013,NA,0.0337,NA,NA,NA,64.19,31.88,3.85,NA,NA,NA,NA,NA,NA,NA,NA,NA,NA,NA,7.26,4390,61,0.01,1.8,72.3,NA,NA,NA,NA,511.372999304106,531.683368128045
"42",2021-04-22,NA,NA,NA,NA,NA,NA,339840,NA,165,NA,38.8,NA,0.023,0.011155,0.0202,31000,0.0544,NA,NA,NA,42.25,20.52,37.16,NA,NA,NA,NA,NA,NA,NA,NA,NA,NA,NA,NA,NA,89,NA,NA,NA,NA,NA,NA,NA,448.191370911621,556.077244258873
"43",2021-04-23,NA,NA,NA,NA,NA,NA,319620,NA,160,NA,38.8,NA,0.0222,0.011805,0.0145,18300,0.0485,NA,NA,NA,45.68,24.34,29.9,NA,NA,NA,NA,NA,NA,NA,NA,NA,NA,NA,7.2,4390,104,0.02,2.1,73.1,NA,NA,NA,NA,418.644444444444,555.051388888889
"44",2021-04-24,NA,NA,NA,NA,NA,NA,162160,NA,98,NA,38.8,NA,0.0193,0.010917,0.0075,NA,0.0377,NA,NA,NA,51.14,28.93,19.87,NA,NA,NA,NA,NA,NA,NA,NA,NA,NA,NA,NA,NA,NA,NA,NA,NA,NA,NA,NA,NA,273.853472222222,545.475694444444
"45",2021-04-25,NA,NA,NA,NA,NA,NA,240100,NA,118,NA,38.8,NA,0.0174,0.010553,0.0014,NA,0.0293,NA,NA,NA,59.36,36,4.78,NA,NA,NA,NA,NA,NA,NA,NA,NA,NA,NA,NA,NA,NA,NA,NA,NA,NA,NA,NA,NA,233.550382209868,518.236275191105
"46",2021-04-26,NA,NA,NA,NA,NA,NA,160110,NA,95,83.05,38.8,NA,0.0204,0.010816,0.0143,18200,0.0456,NA,NA,NA,44.77,23.74,31.39,NA,NA,NA,NA,NA,NA,NA,NA,NA,NA,NA,NA,4546,64,0.01,2.1,74,NA,NA,NA,NA,240.888888888889,548.015277777778
"47",2021-04-27,NA,NA,NA,NA,NA,NA,200630,NA,99,NA,38.8,NA,0.0214,0.011834,0.0177,16700,0.051,NA,NA,3400,42.02,23.22,34.73,NA,NA,NA,NA,NA,NA,NA,NA,NA,NA,NA,NA,NA,84,NA,NA,NA,NA,NA,NA,NA,279.053621169916,574.24791086351
"48",2021-04-28,NA,NA,NA,NA,NA,NA,370610,NA,195,NA,38.8,NA,0.0223,0.011492,0.0255,24050,0.0593,NA,NA,NA,37.64,19.37,42.97,NA,NA,NA,NA,NA,NA,NA,NA,NA,NA,NA,NA,4452,88,0.02,2.2,NA,NA,NA,NA,NA,297.155244755245,599.184615384615
"49",2021-04-29,NA,NA,NA,NA,NA,NA,366980,NA,193,NA,38.8,NA,0.0227,0.012179,0.0263,28800,0.0612,NA,NA,NA,37.1,19.88,42.94,NA,NA,NA,NA,NA,NA,NA,NA,NA,NA,NA,NA,NA,94,NA,NA,NA,NA,NA,NA,NA,357.801398601399,582.855944055944
"50",2021-04-30,NA,NA,NA,NA,NA,NA,359190,NA,186,NA,38.8,NA,0.0242,0.013427,0.004,18300,0.0417,NA,NA,NA,58.15,32.21,9.59,NA,NA,NA,NA,NA,NA,NA,NA,NA,NA,NA,7.25,4358,95,0.02,2.2,74.6,NA,NA,NA,NA,373.566457898399,552.308977035491
"51",2021-05-01,NA,NA,NA,NA,NA,NA,353250,NA,177,NA,38.8,NA,0.0318,0.012286,0.0126,11500,0.0567,NA,NA,NA,56.13,21.66,22.21,NA,NA,NA,NA,NA,NA,NA,NA,NA,NA,NA,NA,NA,NA,NA,NA,NA,NA,NA,NA,NA,327.627519110493,551.330785267547
"52",2021-05-02,NA,NA,NA,NA,NA,NA,355240,NA,174,NA,38.8,NA,0.0188,0.011479,0.0146,NA,0.0449,NA,NA,NA,41.95,25.59,32.55,NA,NA,NA,NA,NA,NA,NA,NA,NA,NA,NA,NA,NA,NA,NA,NA,NA,NA,NA,NA,NA,269.48643006263,559.114822546973
"53",2021-05-03,NA,NA,NA,NA,NA,NA,249100,NA,149,59.7,38.8,NA,0.0223,0.011121,0.011,12000,0.0444,NA,NA,NA,50.16,25.04,24.77,NA,NA,NA,NA,NA,NA,NA,NA,NA,NA,NA,NA,4480,69,0.02,2.2,74.1,NA,NA,NA,NA,253.159833217512,579.001389854065
"54",2021-05-04,NA,NA,NA,NA,NA,NA,326430,NA,176,NA,38.8,NA,0.0237,0.01059,0.0164,17900,0.0506,NA,NA,NA,46.72,20.92,32.4,NA,NA,NA,NA,NA,NA,NA,NA,NA,NA,NA,NA,NA,84,NA,NA,NA,NA,NA,NA,NA,250.759749303621,674.125348189415
"55",2021-05-05,NA,NA,NA,NA,NA,NA,368830,NA,192,73.51,38.8,NA,0.0259,0.012767,0.0188,26500,0.0575,NA,NA,NA,44.99,22.22,32.72,NA,NA,NA,NA,NA,NA,NA,NA,NA,NA,NA,7.26,4416,79,0.02,2.2,73.9,NA,NA,NA,NA,306.15625,693.902083333333
"56",2021-05-06,NA,NA,NA,NA,NA,NA,369190,NA,192,NA,38.8,NA,0.0216,0.012744,0.0237,16000,0.0581,NA,NA,4500,37.27,21.94,40.8,NA,NA,NA,NA,NA,NA,NA,NA,NA,NA,NA,NA,NA,87,NA,NA,NA,NA,NA,NA,NA,328.758099352052,684.164146868251
"57",2021-05-07,NA,NA,NA,NA,NA,NA,358700,NA,185,65.69,38.8,NA,0.0203,0.011034,0.02,33200,0.0513,NA,NA,NA,39.55,21.52,39,NA,NA,NA,NA,NA,NA,NA,NA,NA,NA,NA,7.2,4360,103,0.02,2.3,74.3,NA,NA,NA,NA,307.898257839721,652.370034843206
"58",2021-05-08,NA,NA,NA,NA,NA,NA,362270,NA,194,NA,38.9,NA,0.0197,0.010101,0.0115,6000,0.0413,NA,NA,NA,47.76,24.43,27.81,NA,NA,NA,NA,NA,NA,NA,NA,NA,NA,NA,NA,NA,NA,NA,NA,NA,NA,NA,NA,NA,271.651388888889,652.113194444444
"59",2021-05-09,NA,NA,NA,NA,NA,NA,367820,NA,190,NA,38.8,NA,0.022,0.011629,0.0025,NA,0.0362,NA,NA,NA,60.97,32.16,6.91,NA,NA,NA,NA,NA,NA,NA,NA,NA,NA,NA,NA,NA,NA,NA,NA,NA,NA,NA,NA,NA,272.824061196106,565.429068150209
"60",2021-05-10,NA,NA,NA,NA,NA,NA,198060,NA,122,70.02,38.8,NA,0.0203,0.014324,0.0109,6000,0.0455,NA,NA,NA,44.52,31.45,23.94,NA,NA,NA,NA,NA,NA,NA,NA,NA,NA,NA,NA,4436,112,0.03,2.2,73.6,NA,NA,NA,NA,246.859331476323,716.17061281337
"61",2021-05-11,NA,NA,NA,NA,NA,NA,362250,NA,183,NA,38.8,NA,0.0183,0.010747,0.0162,18000,0.0452,NA,NA,NA,40.48,23.78,35.85,NA,NA,NA,NA,NA,NA,NA,NA,NA,NA,NA,NA,NA,108,NA,NA,NA,NA,NA,NA,NA,242.161087866109,732.742498255408
"62",2021-05-12,NA,NA,NA,NA,NA,NA,197620,NA,113,NA,38.8,NA,0.0224,0.010578,0.0186,20000,0.0516,NA,NA,NA,43.38,20.5,36.05,NA,NA,NA,NA,NA,NA,NA,NA,NA,NA,NA,NA,4472,47,0.01,2.2,74,NA,NA,NA,NA,260.988795518207,675.133053221288
"63",2021-05-13,NA,NA,NA,NA,NA,NA,349410,NA,193,NA,38.8,NA,0.0247,0.010544,0.0169,18000,0.0522,NA,NA,NA,47.37,20.21,32.38,NA,NA,NA,NA,NA,NA,NA,NA,NA,NA,NA,NA,NA,40,NA,NA,NA,NA,NA,NA,NA,338.91504178273,677.453342618384
"64",2021-05-14,NA,NA,NA,NA,NA,NA,203250,NA,125,NA,38.8,NA,0.0178,0.010276,0.0166,22000,0.0447,NA,NA,NA,39.82,22.97,37.11,NA,NA,NA,NA,NA,NA,NA,NA,NA,NA,NA,7.24,4282,114,0.03,NA,NA,NA,NA,NA,NA,254.154329608939,603.083100558659
"65",2021-05-15,NA,NA,NA,NA,NA,NA,212970,NA,115,NA,38.8,NA,0.021,0.010451,0.0102,12000,0.0416,NA,NA,NA,50.5,25.1,24.5,NA,NA,NA,NA,NA,NA,NA,NA,NA,NA,NA,NA,NA,NA,NA,NA,NA,NA,NA,NA,NA,224.270629370629,495.994405594406
"66",2021-05-16,NA,NA,NA,NA,NA,NA,215740,NA,125,NA,38.8,NA,0.0221,0.011174,0.0023,NA,0.0355,NA,NA,NA,62.14,31.48,6.48,NA,NA,NA,NA,NA,NA,NA,NA,NA,NA,NA,NA,NA,NA,NA,NA,NA,NA,NA,NA,NA,203.036831132731,430.906879777623
"67",2021-05-17,NA,NA,NA,NA,NA,NA,167390,NA,106,56.9,38.8,NA,0.0191,0.011421,0.0172,17400,0.0476,NA,NA,NA,40,23.97,36.1,NA,NA,NA,NA,NA,NA,NA,NA,NA,NA,NA,NA,4370,42,0.01,2.1,72.7,NA,NA,NA,NA,190.548678720445,569.837969401947
"68",2021-05-18,NA,NA,NA,NA,NA,NA,246190,NA,156,NA,38.8,NA,0.0212,0.011712,0.0194,18250,0.0523,NA,NA,4550,40.57,22.38,37.07,NA,NA,NA,NA,NA,NA,NA,NA,NA,NA,NA,NA,NA,51,NA,NA,NA,NA,NA,NA,NA,293.143949930459,697.378998609179
"69",2021-05-19,NA,NA,NA,NA,NA,NA,268060,NA,168,66.48,38.8,NA,0.0292,0.0114,0.0234,27050,0.064,NA,NA,4500,45.58,17.82,36.57,NA,NA,NA,NA,NA,NA,NA,NA,NA,NA,NA,7.13,4296,48,0.01,2.2,73.4,NA,NA,NA,NA,446.329853862213,666.951983298539
"70",2021-05-20,NA,NA,NA,NA,NA,NA,369840,NA,203,NA,38.8,NA,0.0193,0.009698,0.0264,25050,0.0554,NA,NA,NA,34.9,17.5,47.63,NA,NA,NA,NA,NA,NA,NA,NA,NA,NA,NA,NA,NA,46,NA,NA,NA,NA,NA,NA,NA,378.230020847811,641.390548992356
"71",2021-05-21,NA,NA,NA,NA,NA,NA,363580,NA,201,69.07,38.8,NA,0.0241,0.010527,0.01,14500,0.0446,NA,NA,4500,54.05,23.61,22.43,NA,NA,NA,NA,NA,NA,NA,NA,NA,NA,NA,7.2,4234,54,0.01,2.2,72.9,NA,NA,NA,NA,328.474965229485,589.653685674548
"72",2021-05-22,NA,NA,NA,NA,NA,NA,360060,NA,186,NA,38.8,NA,0.0251,0.011001,0.0072,6000,0.0433,NA,NA,NA,58,25.41,16.63,NA,NA,NA,NA,NA,NA,NA,NA,NA,NA,NA,NA,NA,NA,NA,NA,NA,NA,NA,NA,NA,328.013898540653,688.791521890202
"73",2021-05-23,NA,NA,NA,NA,NA,NA,356830,NA,188,NA,38.8,NA,0.0214,0.010547,0.0102,NA,0.0422,NA,NA,NA,50.81,24.99,24.16,NA,NA,NA,NA,NA,NA,NA,NA,NA,NA,NA,NA,NA,NA,NA,NA,NA,NA,NA,NA,NA,312.338204592902,688.167710508003
"74",2021-05-24,NA,NA,NA,NA,NA,NA,215360,NA,128,60.44,38.8,NA,0.0158,0.011338,0.0115,11700,0.0387,NA,NA,NA,40.86,29.31,29.72,NA,NA,NA,NA,NA,NA,NA,NA,NA,NA,NA,NA,4398,65,0.01,2.2,73.7,NA,NA,NA,NA,277.894444444444,702.914583333333
"75",2021-05-25,NA,NA,NA,NA,NA,NA,357490,NA,193,NA,38.8,NA,0.0201,0.010277,0.015,16500,0.0454,NA,NA,NA,44.3,22.62,33.01,NA,NA,NA,NA,NA,NA,NA,NA,NA,NA,NA,NA,NA,40,NA,NA,NA,NA,NA,NA,NA,267.448922863099,706.476025017373
"76",2021-05-26,NA,NA,NA,NA,NA,NA,295390,NA,169,NA,38.8,NA,0.0179,0.008907,0.0141,14500,0.041,NA,NA,NA,43.8,21.74,34.41,NA,NA,NA,NA,NA,NA,NA,NA,NA,NA,NA,NA,4440,57,0.01,2.2,74.2,NA,NA,NA,NA,275.936717663421,691.220445062587
"77",2021-05-27,NA,NA,NA,NA,NA,NA,184650,NA,116,NA,38.8,NA,0.0171,0.009341,0.0224,22000,0.0488,NA,NA,NA,35.02,19.15,45.93,NA,NA,NA,NA,NA,NA,NA,NA,NA,NA,NA,NA,NA,51,NA,NA,NA,NA,NA,NA,NA,284.564280750521,670.594857539958
"78",2021-05-28,NA,NA,NA,NA,NA,NA,351800,NA,190,NA,38.8,NA,0.0204,0.009788,0.0187,24300,0.0489,NA,NA,4500,41.78,20.03,38.26,NA,NA,NA,NA,NA,NA,NA,NA,NA,NA,NA,7.15,4344,64,0.01,2.2,72.8,NA,NA,NA,NA,325.845031271716,642.020152883947
"79",2021-05-29,NA,NA,NA,NA,NA,NA,338970,NA,185,NA,38.8,NA,0.0204,0.010404,0.0214,12300,0.0522,NA,NA,NA,39.01,19.94,41.01,NA,NA,NA,NA,NA,NA,NA,NA,NA,NA,NA,NA,NA,NA,NA,NA,NA,NA,NA,NA,NA,335.080758426966,668.470505617978
"80",2021-05-30,NA,NA,NA,NA,NA,NA,339190,NA,196,NA,38.8,NA,0.0116,0.010195,0.0034,NA,0.0251,NA,NA,NA,46.08,40.55,13.52,NA,NA,NA,NA,NA,NA,NA,NA,NA,NA,NA,NA,NA,NA,NA,NA,NA,NA,NA,NA,NA,324.374293785311,585.138418079096
"81",2021-05-31,NA,NA,NA,NA,NA,NA,163410,NA,122,NA,38.8,NA,0.0177,0.008971,0.0051,NA,0.0318,NA,NA,4500,55.64,28.21,16.04,NA,NA,NA,NA,NA,NA,NA,NA,NA,NA,NA,NA,NA,NA,NA,NA,NA,NA,NA,NA,NA,274.3959638135,604.502435629784
"82",2021-06-01,NA,NA,NA,NA,NA,NA,334520,NA,183,NA,38.8,23.53,0.0166,0.008727,0.0225,24800,0.0478,NA,0.0046,4600,34.65,18.25,47.06,4.07,4.62,19.6,NA,83,83.8,NA,95.9,NA,NA,NA,NA,NA,45,NA,NA,NA,NA,NA,NA,NA,410.640714285714,678.180714285714
"83",2021-06-02,NA,NA,NA,NA,NA,NA,361770,NA,226,NA,38.8,23.58,0.0173,0.008876,0.0215,24700,0.0477,NA,0.0092,4600,36.25,18.6,45.06,4.07,4.62,19.6,NA,83,83.8,NA,95.9,NA,NA,NA,NA,4416,44,0.01,2.3,72.8,NA,NA,NA,NA,461.884937238494,652.892608089261
"84",2021-06-03,NA,NA,NA,NA,NA,NA,363880,NA,230,NA,38.8,21.74,0.0206,0.008006,0.0231,17800,0.0517,NA,0.0092,4600,39.89,15.47,44.65,2.93,5.1,7.76,NA,83.5,83.2,NA,90.7,NA,NA,NA,NA,NA,56,NA,NA,NA,NA,NA,NA,NA,440.547801814375,640.966503838102
"85",2021-06-04,NA,NA,NA,NA,NA,NA,365750,NA,206,NA,38.8,30.11,0.0182,0.008366,0.0108,12300,0.0374,NA,0.0046,4600,48.79,22.39,28.9,2.93,5.1,7.76,NA,83.5,83.2,NA,90.7,NA,NA,NA,7.18,4536,49,0.01,2.3,74.3,NA,NA,NA,NA,406.755215577191,590.009735744089
"86",2021-06-05,NA,NA,NA,NA,NA,NA,356890,NA,191,NA,38.8,25.83,0.0206,0.011437,0.0115,6000,0.0435,NA,NA,NA,47.34,26.26,26.41,2.93,5.1,7.76,NA,83.5,83.2,NA,90.7,NA,NA,NA,NA,NA,NA,NA,NA,NA,NA,NA,NA,NA,310.562761506276,613.889818688982
"87",2021-06-06,NA,NA,NA,NA,NA,NA,354660,NA,211,NA,38.8,25.64,0.0199,0.011295,0.0127,NA,0.0439,NA,NA,NA,45.3,25.75,28.95,2.93,5.1,7.76,NA,83.5,83.2,NA,90.7,NA,NA,NA,NA,NA,NA,NA,NA,NA,NA,NA,NA,NA,270.965229485396,612.032684283727
"88",2021-06-07,NA,NA,NA,NA,NA,NA,210850,NA,146,61.11,38.8,24.87,0.0222,0.011354,0.0117,10750,0.0452,NA,NA,NA,48.99,25.1,25.87,2.93,5.1,7.76,NA,83.5,83.2,NA,90.7,NA,NA,NA,NA,4630,54,0.01,2.3,74,NA,NA,NA,NA,332.25348189415,578.784818941504
"89",2021-06-08,NA,NA,NA,NA,NA,NA,356210,NA,199,NA,38.8,19.65,0.0219,0.011895,0.0234,18800,0.0572,NA,0.0092,4600,38.3,20.78,40.88,4.55,5.08,9.44,NA,86,82.9,NA,92.7,NA,NA,NA,NA,NA,40,NA,NA,NA,NA,NA,NA,NA,405.943671766342,565.479137691238
"90",2021-06-09,NA,NA,NA,NA,NA,NA,363360,NA,201,65.77,38.8,20.5,0.0168,0.011301,0.0267,20100,0.0549,NA,0.0092,4600,30.67,20.59,48.65,4.55,5.08,9.44,NA,86,82.9,NA,92.7,NA,NA,NA,NA,4574,39,0.01,2.4,74.3,NA,NA,NA,NA,416.080723729993,540.610299234516
"91",2021-06-10,NA,NA,NA,NA,NA,NA,362240,NA,210,NA,38.8,21.53,0.0228,0.010391,0.019,23500,0.0523,NA,0.0092,4600,43.72,19.88,36.36,4.16,5.73,9.62,NA,84.5,83.7,NA,93.1,NA,NA,NA,NA,NA,52,NA,NA,NA,NA,NA,NA,NA,409.598885793872,518.095403899721
"92",2021-06-11,NA,NA,NA,NA,NA,NA,371250,NA,206,74.92,38.8,24.8,0.0206,0.009575,0.0152,18600,0.0454,NA,NA,NA,45.44,21.11,33.51,4.16,5.73,9.62,NA,84.5,83.7,NA,93.1,NA,NA,NA,NA,4620,48,0.01,2.4,73.6,NA,NA,NA,NA,400.73106323836,492.222376650452
"93",2021-06-12,NA,NA,NA,NA,NA,NA,367260,NA,220,NA,38.9,33.99,0.0116,0.008738,0.0127,13000,0.0331,NA,NA,NA,35.16,26.4,38.37,4.11,6.02,4.95,NA,85.6,83.5,NA,92.1,NA,NA,NA,NA,NA,NA,NA,NA,NA,NA,NA,NA,NA,385.813194444444,539.501388888889
"94",2021-06-13,NA,NA,NA,NA,NA,NA,352980,NA,194,NA,38.8,30.7,0.0128,0.009493,0.0144,NA,0.0367,NA,NA,NA,34.8,25.9,39.29,4.11,6.02,4.95,NA,85.6,83.5,NA,92.1,NA,NA,NA,NA,NA,NA,NA,NA,NA,NA,NA,NA,NA,364.029881862404,571.824183460737
"95",2021-06-14,NA,NA,NA,NA,NA,NA,346390,NA,174,61.85,38.8,22.45,0.0231,0.010443,0.0166,18000,0.0501,NA,NA,NA,46.02,20.84,33.12,4.11,6.02,4.95,NA,85.6,83.5,NA,92.1,NA,NA,NA,NA,4676,48,0.01,2.4,73.4,NA,NA,NA,NA,431.199444058374,656.795691452397
"96",2021-06-15,NA,NA,NA,NA,NA,NA,343840,NA,200,NA,38.8,25.86,0.0169,0.010215,0.0164,17500,0.0435,NA,NA,NA,38.92,23.48,37.7,5.02,5.74,7.79,NA,84.4,83.2,NA,92.8,NA,NA,NA,NA,NA,51,NA,NA,NA,NA,NA,NA,NA,418.182892906815,670.876912378303
"97",2021-06-16,NA,NA,NA,NA,NA,NA,351900,NA,233,58.1,38.9,23.7,0.023,0.010247,0.0142,12700,0.0475,NA,NA,NA,48.54,21.58,29.91,5.02,5.74,7.79,NA,84.4,83.2,NA,92.8,NA,NA,NA,NA,4646,44,0.01,2.4,72.6,NA,NA,NA,NA,414.86327845383,651.214030064424
"98",2021-06-17,NA,NA,NA,NA,NA,NA,236800,NA,162,NA,38.9,21.85,0.0231,0.010532,0.0178,19400,0.0515,NA,NA,NA,44.89,20.46,34.58,4.99,5.55,4.54,NA,85.4,82.5,NA,87.9,NA,NA,NA,NA,NA,47,NA,NA,NA,NA,NA,NA,NA,385.118055555556,621.550694444444
"99",2021-06-18,NA,NA,NA,NA,NA,NA,335720,NA,199,58.84,38.8,25.32,0.023,0.010812,0.0106,21000,0.0444,NA,NA,NA,51.73,24.33,23.86,4.99,5.55,4.54,NA,85.4,82.5,NA,87.9,NA,NA,NA,7.25,4626,47,0.01,2.4,73.1,NA,NA,NA,NA,315.383704735376,617.438718662953
"100",2021-06-19,NA,NA,NA,NA,NA,NA,125800,NA,104,NA,38.8,23.32,0.0206,0.011181,0.0164,12300,0.0482,NA,NA,NA,42.78,23.18,34,4.25,6.85,5.31,NA,85,84.5,NA,87.5,NA,NA,NA,NA,NA,NA,NA,NA,NA,NA,NA,NA,NA,220.661099512874,651.567849686848
"101",2021-06-20,NA,NA,NA,NA,NA,NA,230230,NA,160,NA,38.8,31.72,0.0211,0.010418,0.0039,NA,0.0355,NA,NA,NA,59.57,29.38,11,4.25,6.85,5.31,NA,85,84.5,NA,87.5,NA,NA,NA,NA,NA,NA,NA,NA,NA,NA,NA,NA,NA,268.782033426184,500.341225626741
"102",2021-06-21,NA,NA,NA,NA,NA,NA,251930,NA,174,NA,38.8,24.25,0.0203,0.010857,0.0153,5500,0.0464,NA,NA,NA,43.71,23.4,32.97,4.25,6.85,5.31,NA,85,84.5,NA,87.5,NA,NA,NA,NA,4638,40,0.01,2.3,73.2,NA,NA,NA,NA,273.404644616467,641.38494018297
"103",2021-06-22,NA,NA,NA,NA,NA,NA,362800,NA,222,NA,38.8,19.42,0.0247,0.010835,0.0224,23800,0.0579,NA,NA,NA,42.71,18.7,38.67,4.96,6.7,4.47,NA,81.6,83.6,NA,92.2,NA,NA,NA,NA,NA,76,NA,NA,NA,NA,NA,NA,NA,314.679692951849,659.048848569435
"104",2021-06-23,NA,NA,NA,NA,NA,NA,283540,NA,163,59.7,38.8,22.45,0.0296,0.010431,0.0101,11500,0.0501,NA,NA,NA,58.99,20.82,20.16,4.96,6.7,4.47,NA,81.6,83.6,NA,92.2,NA,NA,NA,NA,4574,60,0.01,2.3,73.4,NA,NA,NA,NA,323.070827489481,634.065217391304
"105",2021-06-24,NA,NA,NA,NA,NA,NA,329600,NA,191,NA,38.8,24.12,0.0171,0.00951,0.02,20000,0.0466,NA,NA,NA,36.68,20.39,42.88,4.02,6.76,9.24,NA,82.6,83.4,NA,93.7,NA,NA,NA,NA,NA,39,NA,NA,NA,NA,NA,NA,NA,314.699300699301,702.641958041958
"106",2021-06-25,NA,NA,NA,NA,NA,NA,247180,NA,144,62.7,38.8,29.49,0.0208,0.008436,0.0089,18000,0.0382,NA,NA,NA,54.45,22.11,23.33,4.02,6.76,9.24,NA,82.6,83.4,NA,93.7,NA,NA,NA,7.21,4558,51,0.01,2.4,72.7,NA,NA,NA,NA,277.649930264993,626.589260808926
"107",2021-06-26,NA,NA,NA,NA,NA,NA,190290,NA,126,NA,38.9,26.93,0.0205,0.010863,0.0104,NA,0.0418,NA,NA,NA,49.14,26.01,24.9,5.65,6.51,3.63,NA,84.4,83,NA,90.4,NA,NA,NA,NA,NA,NA,NA,NA,NA,NA,NA,NA,NA,209.76429567643,678.981171548117
"108",2021-06-27,NA,NA,NA,NA,NA,NA,200010,NA,126,NA,38.8,34.76,0.0209,0.009587,0.0018,NA,0.0324,NA,NA,NA,64.72,29.63,5.56,5.65,6.51,3.63,NA,84.4,83,NA,90.4,NA,NA,NA,NA,NA,NA,NA,NA,NA,NA,NA,NA,NA,188.710084033613,495.8081232493
"109",2021-06-28,NA,NA,NA,NA,NA,NA,148850,NA,90,64.87,38.9,38.9,0.0133,0.007338,0.0083,11000,0.0289,NA,NA,NA,45.82,25.37,28.7,5.65,6.51,3.63,NA,84.4,83,NA,90.4,NA,NA,NA,NA,4618,70,0.02,2.3,72.7,NA,NA,NA,NA,145.700908455625,539.739525139665
"110",2021-06-29,NA,NA,NA,NA,NA,NA,267050,NA,173,NA,38.8,24.96,0.0166,0.007483,0.021,22300,0.0451,NA,NA,NA,36.89,16.61,46.6,5.25,6.38,8.55,NA,83.7,82.5,NA,93.4,NA,NA,NA,NA,NA,46,NA,NA,NA,NA,NA,NA,NA,78.9258741258741,664.78951048951
"111",2021-06-30,NA,NA,NA,NA,NA,NA,260950,274460,191,58.67,38.8,23.17,0.0187,0.007651,0.0222,22200,0.0486,NA,NA,NA,38.46,15.76,45.72,5.25,6.38,8.55,NA,83.7,82.5,NA,93.4,NA,NA,NA,NA,4570,47,0.01,2.4,72.6,NA,NA,NA,NA,79.4653603918824,630.449965010497
"112",2021-07-01,34.56,NA,14.63,NA,0,0,346100,313237,218,NA,38.8,17.7,0.0194,0.007579,0.0283,24650,0.0552,0,NA,NA,35.04,13.72,51.24,5.66,6.37,5.45,10,85.9,82.5,89.7,0,82.7,NA,NA,NA,NA,41,NA,NA,NA,0.17,0.17,NA,NA,91.2007092198582,645.758156028369
"113",2021-07-02,51.2,NA,30.26,NA,17.09,8.55,345760,252389,175,75.24,38.8,34.19,0.015,0.0082,0.0054,11000,0.0286,0,NA,NA,52.44,28.68,18.89,5.66,6.37,5.45,NA,85.9,82.5,89.7,82.7,NA,NA,NA,7.26,4436,48,0.01,2.4,74.8,0.09,0.13,NA,NA,97.1870604781997,507.488748241913
"114",2021-07-03,41.86,NA,58.14,NA,0,5.7,349690,181523,126,NA,38.8,42.62,0.0132,0.009728,0,NA,0.0229,0,NA,NA,57.6,42.41,0,3.21,6.32,11.8,NA,85.9,82.3,95.7,82.7,NA,NA,NA,NA,NA,NA,NA,NA,NA,0.06,0.11,NA,NA,92.4950911640954,277.408835904628
"115",2021-07-04,57.29,NA,42.71,NA,0,4.27,179180,183689,128,NA,38.8,25.62,0.0274,0.010811,0,NA,0.0382,0,NA,NA,71.68,28.32,0,3.21,6.32,11.8,NA,85.9,82.3,95.7,82.7,NA,NA,NA,NA,NA,NA,NA,NA,NA,0.08,0.1,NA,NA,80.1571929824561,242.790175438596
"116",2021-07-05,40.41,NA,21.3,NA,33.09,10.04,148540,176332,122,NA,38.8,23.4,0.0277,0.007731,0.0064,NA,0.0418,0,NA,NA,66.19,18.5,15.31,3.21,6.32,11.8,NA,85.9,82.3,95.7,82.7,NA,NA,NA,NA,NA,NA,NA,NA,NA,0.12,0.1,NA,NA,69.5724233983287,332.900417827298
"117",2021-07-06,55.65,NA,25.53,NA,16.27,11.08,156730,197096,137,NA,38.8,23.44,0.0315,0.007652,0.0026,NA,0.0417,0,NA,NA,75.43,18.34,6.23,3.21,6.32,11.8,NA,85.9,82.3,95.7,82.7,NA,NA,NA,NA,NA,45,NA,NA,NA,0.1,0.1,NA,NA,71.2427253371185,123.935415188077
"118",2021-07-07,59.9,NA,40.1,NA,0,9.49,132280,154331,107,49.49,38.8,23.6,0.0306,0.010852,0,NA,0.0414,0,NA,NA,73.81,26.19,0,3.21,6.32,11.8,NA,85.9,82.3,95.7,82.7,NA,NA,NA,NA,4362,48,0.01,2.4,72.6,0.09,0.1,NA,NA,71.3945530726257,92.5614525139665
"119",2021-07-08,54.97,NA,31.01,NA,12.12,11.22,100390,106718,74,NA,38.8,22.31,0.0311,0.010593,0.0021,NA,0.0438,0,NA,NA,71.04,24.17,4.79,3.62,6.06,11.8,NA,82.5,81.7,95.7,82.7,NA,NA,NA,NA,NA,37,NA,NA,NA,0.11,0.09,NA,NA,66.2413073713491,104.84561891516
"120",2021-07-09,31.16,NA,23.49,NA,39.18,14.38,155820,171886,119,46.83,38.8,25.56,0.0208,0.009455,0.008,NA,0.0382,0,NA,NA,54.36,24.72,20.92,3.62,6.06,11.8,NA,82.5,81.7,95.7,82.7,NA,NA,NA,NA,4306,45,0.01,2.4,73.2,0.13,0.1,NA,NA,80.47171145686,125.099717114569
"121",2021-07-10,34.06,NA,25.53,NA,34.92,19.37,260960,323914,225,NA,38.8,30.39,0.0169,0.009243,0.006,NA,0.0322,0,NA,NA,52.62,28.73,18.65,4.04,5.71,11.8,NA,83.5,81.1,95.7,82.7,NA,NA,NA,NA,NA,NA,NA,NA,NA,0.11,0.11,NA,NA,78.2671863926293,69.2048192771084
"122",2021-07-11,64.35,NA,35.65,NA,0,19.37,109990,130069,90,NA,38.8,28.38,0.0245,0.009906,0,NA,0.0345,0,NA,NA,71.25,28.75,0,4.04,5.71,11.8,NA,83.5,81.1,95.7,82.7,NA,NA,NA,NA,NA,NA,NA,NA,NA,0.08,0.1,NA,NA,69.965034965035,69.9804195804196
"123",2021-07-12,49.98,NA,22.92,NA,23.42,17.99,102220,127562,89,58.7,38.8,24.06,0.0272,0.009071,0.0044,NA,0.0406,0,NA,NA,66.84,22.33,10.83,4.04,5.71,11.8,NA,83.5,81.1,95.7,82.7,NA,NA,NA,NA,4320,62,0.01,2.5,72.4,0.12,0.1,NA,NA,68.345213137666,160.621942697414
"124",2021-07-13,50.39,NA,23.73,NA,22.36,18.86,107180,131582,91,NA,38.8,26.89,0.023,0.008945,0.0044,NA,0.0364,0,NA,NA,63.3,24.6,12.1,4.94,6.13,11.8,NA,85.1,83.1,95.7,82.7,NA,NA,NA,NA,NA,41,NA,NA,NA,0.12,0.11,NA,NA,63.3182135380321,152.018143754361
"125",2021-07-14,45.75,NA,24.14,NA,26.02,22.58,141520,179534,125,61.48,38.8,25.91,0.0225,0.009776,0.0055,NA,0.0377,0,NA,NA,59.51,25.91,14.58,4.94,6.13,11.8,NA,85.1,83.1,95.7,82.7,NA,NA,NA,NA,4234,55,0.01,2.5,72.2,0.13,0.11,NA,NA,65.9394993045897,188.305072967338
"126",2021-07-15,50.02,NA,32.06,NA,16.62,23.22,153870,196013,136,NA,38.8,26.79,0.0222,0.009461,0.0048,NA,0.0365,0,NA,NA,60.92,25.92,13.15,4.25,6.47,6.74,NA,85.2,84.3,89.2,82.7,NA,NA,NA,NA,NA,45,NA,NA,NA,0.1,0.11,NA,NA,62.4076655052265,177.773519163763
"127",2021-07-16,53.8,NA,35.2,NA,10.2,19.08,121480,141677,98,67.7,38.8,33.62,0.0187,0.008111,0.0023,NA,0.0291,0,NA,NA,64.2,27.89,7.91,4.25,6.47,6.74,NA,85.2,84.3,89.2,82.7,NA,NA,NA,7.39,4196,44,0.01,2.5,72.5,0.08,0.11,NA,NA,60.6916666666667,170.552083333333
"128",2021-07-17,36.57,NA,33.78,NA,27.55,18.03,138670,174113,121,NA,38.8,30.98,0.0187,0.00709,0.0058,NA,0.0316,0,NA,NA,59.16,22.47,18.38,2.93,6.78,6.9,NA,80.3,84.4,89,82.7,NA,NA,NA,NA,NA,NA,NA,NA,NA,0.08,0.1,NA,NA,63.9479166666667,149.134027777778
"129",2021-07-18,39.56,NA,47.11,NA,12.38,19.79,101980,129397,90,NA,38.8,37.13,0.0163,0.007966,0.0021,NA,0.0263,0,NA,NA,61.78,30.25,7.97,2.93,6.78,6.9,NA,80.3,84.4,89,82.7,NA,NA,NA,NA,NA,NA,NA,NA,NA,0.06,0.1,NA,NA,63.2753515914138,159.984455958549
"130",2021-07-19,31.48,NA,47.87,NA,19.19,19.19,133400,166983,116,46.8,38.8,34.47,0.0151,0.009451,0.0038,NA,0.0284,0,NA,NA,53.28,33.32,13.4,2.93,6.78,6.9,NA,80.3,84.4,89,82.7,NA,NA,NA,7.16,4332,31,0.01,2.6,72.2,0.07,0.09,NA,NA,75.1459170013387,241.360107095047
"131",2021-07-20,34.68,NA,39.7,NA,23.81,19.4,108580,133490,93,NA,38.8,27.84,0.0191,0.010689,0.0053,NA,0.0351,0,NA,NA,54.46,30.44,15.09,2.84,5.67,6.9,NA,81.1,83.2,89,82.7,NA,NA,NA,NA,NA,43,NA,NA,NA,0.08,0.09,NA,NA,74.843954248366,274.099673202614
"132",2021-07-21,40.27,NA,59.73,NA,0,15.68,112550,140883,98,NA,38.8,42.23,0.0134,0.009722,0,NA,0.0231,0,NA,NA,58,42,0,2.84,5.67,6.9,NA,81.1,83.2,89,82.7,NA,NA,NA,7.23,4346,43,0.01,NA,NA,0.05,0.07,NA,NA,80.3691215616682,236.574977817214
"133",2021-07-22,35.79,NA,39.07,NA,23.36,16.64,118360,136856,95,NA,38.8,30.6,0.0183,0.008463,0.0052,NA,0.032,0,NA,NA,57.24,26.48,16.27,3.06,6.89,6.9,NA,81.2,85.1,89,82.7,NA,NA,NA,NA,NA,39,NA,NA,NA,0.08,0.07,NA,NA,71.656862745098,170.054367201426
"134",2021-07-23,37.92,NA,58.82,NA,3.03,15.62,147880,200916,140,60.92,38.8,40.27,0.0143,0.009432,5e-04,NA,0.0243,0,NA,NA,59.09,38.85,2.06,3.06,6.89,6.9,NA,81.2,85.1,89,82.7,NA,NA,NA,7.14,4430,43,0.01,2.6,72.4,0.06,0.07,NA,NA,68.4145873320537,89.3080614203455
"135",2021-07-24,36.15,NA,63.85,NA,0,11.68,105850,134720,94,NA,38.8,32.88,0.0174,0.012314,0,NA,0.0297,0,NA,NA,58.58,41.42,0,3.46,8.08,10.5,NA,80.4,86,89.5,82.7,NA,NA,NA,NA,NA,NA,NA,NA,NA,0.09,0.07,NA,NA,65.8929663608563,64.4791029561672
"136",2021-07-25,44.7,NA,55.3,NA,0,9.91,97780,123907,86,NA,38.8,30.37,0.0215,0.010662,0,NA,0.0322,0,NA,NA,66.88,33.12,0,3.46,8.08,10.5,NA,80.4,86,89.5,82.7,NA,NA,NA,NA,NA,NA,NA,NA,NA,0.09,0.07,NA,NA,67.7895470383275,53.816724738676
"137",2021-07-26,47.73,NA,52.27,NA,0,7.17,85450,107753,75,47.69,38.8,34.15,0.0199,0.008725,0,NA,0.0286,0,NA,NA,69.52,30.48,0,3.46,8.08,10.5,NA,80.4,86,89.5,82.7,NA,NA,NA,7.15,4434,43,0.01,2.6,72.2,0.07,0.07,NA,NA,71.2169349195241,48.149055283415
"138",2021-07-27,23.11,NA,0.02,NA,42.06,9.78,96110,121245,84,NA,38.8,29.04,0.0146,0.008714,0.0059,NA,0.0337,0.0045,0.0045,4500,43.24,25.88,17.52,3.11,6.86,10.5,3.4,78.9,84.9,89.5,82.7,84.5,108,5301,NA,NA,44,NA,NA,NA,0.1,0.08,3190,155912,71.3528581510233,52.5546930134086
"139",2021-07-28,30.63,NA,37.53,NA,30.06,14.07,111890,141698,98,54.32,38.8,33.73,0.0162,0.008368,0.0044,NA,0.029,0,NA,NA,55.95,28.87,15.18,3.11,6.86,10.5,NA,78.9,84.9,89.5,84.5,NA,NA,NA,7.14,4560,34,0.01,2.6,71.7,0.08,0.08,NA,NA,77.552688172043,62.1463414634146
"140",2021-07-29,49.35,NA,49.61,NA,1.03,10.88,77590,100562,70,NA,38.8,35.46,0.0196,0.007733,2e-04,NA,0.0276,0,NA,NA,71.23,28.05,0.73,3.11,7.49,6.02,NA,79.9,84.7,85.3,84.5,NA,NA,NA,NA,NA,35,NA,NA,NA,0.06,0.08,NA,NA,72.9086839749329,56.4637421665175
"141",2021-07-30,22.23,NA,0.01,NA,56.56,18.53,159830,196821,137,54.46,38.8,24.57,0.0173,0.008737,0.0093,NA,0.0398,0.0045,0.0045,4500,43.36,21.96,23.37,3.11,7.49,6.02,12.3,79.9,84.7,85.3,84.5,80.9,175,7650,7.31,4512,NA,NA,2.7,71.7,0.12,0.09,1420,62195,68.6011477761836,60.7826398852224
"142",2021-07-31,26.07,NA,33.55,NA,38.08,23.97,173130,205303,143,NA,38.8,21.36,0.0191,0.009939,0.0167,NA,0.0458,0,NA,NA,41.79,21.72,36.49,3.1,7.34,5.16,NA,80.5,84.2,85.8,80.9,NA,NA,NA,NA,NA,NA,NA,NA,NA,0.12,0.09,NA,NA,70.0960170697013,64.7453769559033
"143",2021-08-01,43.7,34.69,36.35,29.91,18.81,20.81,154270,190813,133,NA,38.8,24.67,0.0249,0.008354,0.0064,NA,0.0396,0,NA,NA,62.77,21.08,16.15,3.1,7.34,5.16,NA,80.5,84.2,85.8,80.9,NA,NA,NA,NA,NA,NA,NA,NA,NA,0.09,0.09,NA,NA,76.3013798111837,47.4720406681191
"144",2021-08-02,34.76,32.84,44.37,28.78,19.67,23.62,74600,95638,66,55.14,38.8,33.67,0.0157,0.008074,0.0053,NA,0.029,0,NA,NA,53.94,27.8,18.25,3.1,7.34,5.16,NA,80.5,84.2,85.8,80.9,NA,NA,NA,NA,4550,27,0.01,2.6,71.6,0.07,0.09,NA,NA,79.0879274249826,34.8358938547486
"145",2021-08-03,55.53,37.47,21.26,31.81,21.9,22.01,60140,79977,56,NA,38.8,25.15,0.0245,0.007581,0.0068,NA,0.0389,0,NA,NA,63,19.5,17.49,5.87,7.33,8.73,NA,84.7,83.9,85.7,80.9,NA,NA,NA,NA,NA,34,NA,NA,NA,0.14,0.1,NA,NA,75.592776203966,30.0354107648725
"146",2021-08-04,42.03,39.1,21.3,29.49,34.62,22.66,173990,215038,149,53.9,38.8,24.78,0.0198,0.008126,0.0115,NA,0.0395,0,NA,NA,50.26,20.59,29.14,5.87,7.33,8.73,NA,84.7,83.9,85.7,80.9,NA,NA,NA,NA,4512,38,0.01,2.7,72.3,0.15,0.11,NA,NA,75.9380281690141,34.9507042253521
"147",2021-08-05,50.86,39.31,27.83,26.38,20.64,25.47,157930,187501,130,NA,38.8,26.29,0.0212,0.008523,0.0075,NA,0.0372,0,NA,NA,56.92,22.92,20.17,5.14,6.92,6.07,NA,83.4,84.2,83.5,80.9,NA,NA,NA,NA,NA,39,NA,NA,NA,0.11,0.12,NA,NA,53.8294270833333,37.2708333333333
"148",2021-08-06,40.6,41.94,25.78,30.07,32.57,26.61,112830,134990,94,57.91,38.8,23.75,0.019,0.008874,0.0133,NA,0.0412,0,NA,NA,46.13,21.56,32.31,5.14,6.92,6.07,NA,83.4,84.2,83.5,80.9,NA,NA,NA,7.17,4486,39,0.01,2.6,71.3,0.13,0.12,NA,NA,179.778501628664,48.2068403908795
"149",2021-08-07,41.63,44.16,56.46,33.34,1.8,21.43,51500,65132,45,NA,38.8,32.61,0.0197,0.00948,8e-04,NA,0.03,0,NA,NA,65.72,31.61,2.67,2.58,7.04,2.76,NA,81.1,83.8,85.5,80.9,NA,NA,NA,NA,NA,NA,NA,NA,NA,0.06,0.11,NA,NA,244.776928422516,52.1382904794997
"150",2021-08-08,33.95,42.77,65.75,37.54,0.28,18.78,105620,128821,89,NA,38.8,45.3,0.0127,0.008747,1e-04,NA,0.0216,0,NA,NA,59.01,40.53,0.46,2.58,7.04,2.76,NA,81.1,83.8,85.5,80.9,NA,NA,NA,NA,NA,NA,NA,NA,NA,0.05,0.1,NA,NA,237.988194444444,103.957638888889
"151",2021-08-09,21.96,40.94,60.63,39.86,16.48,18.33,140760,167806,117,61.88,38.8,34.64,0.0105,0.010305,0.0074,NA,0.0282,0,NA,NA,37.28,36.51,26.22,2.58,7.04,2.76,NA,81.1,83.8,85.5,80.9,NA,NA,NA,NA,4720,37,0.01,2.6,71.2,0.06,0.1,NA,NA,260.628214037526,150.970118137596
"152",2021-08-10,47.1,39.73,17.95,39.39,31.31,19.67,145870,172730,120,NA,38.8,25.66,0.0179,0.00897,0.0112,NA,0.0381,0,NA,NA,47.07,23.54,29.39,7.42,5.79,8.27,NA,84.7,82.7,90.3,80.9,NA,NA,NA,NA,NA,35,NA,NA,NA,0.15,0.1,NA,NA,309.983122362869,174.833333333333
"153",2021-08-11,55.13,41.6,18.87,39.04,23.29,18.05,179710,202281,140,66.12,38.8,23.61,0.0224,0.010077,0.0089,NA,0.0414,0,NA,NA,54.17,24.34,21.49,7.42,5.79,8.27,NA,84.7,82.7,90.3,80.9,NA,NA,NA,NA,4534,38,0.01,2.6,70.9,0.16,0.1,NA,NA,291.451505016722,220.190635451505
"154",2021-08-12,60.9,43.04,18.01,37.64,19.28,17.86,146350,162873,113,NA,38.8,22.3,0.0258,0.008585,0.0095,NA,0.0438,0,NA,NA,58.75,19.58,21.67,5.93,5.41,5.29,NA,84.1,81.8,88.5,80.9,NA,NA,NA,NA,NA,NA,NA,NA,NA,0.13,0.11,NA,NA,223.469964664311,257.783274440518
"155",2021-08-13,50.75,44.49,23.98,37.38,23.1,16.51,138330,151943,106,59.17,38.8,21.3,0.0222,0.011849,0.0118,NA,0.0459,0.0045,0.0045,4500,48.48,25.82,25.71,5.93,5.41,5.29,10.6,84.1,81.8,88.5,80.9,86.8,NA,NA,7.16,4408,26,0.01,2.6,70.6,0.14,0.11,NA,NA,253.902978723404,294.791489361702
"156",2021-08-14,43.54,44.76,35.67,34.41,21.06,19.26,143510,165551,115,NA,38.8,24.17,0.0208,0.009692,0.01,NA,0.0405,0,NA,NA,51.33,23.96,24.72,3.73,6.53,3.56,NA,82.5,82.7,85.7,86.8,NA,NA,NA,NA,NA,NA,NA,NA,NA,0.09,0.11,NA,NA,242.542361111111,293.989583333333
"157",2021-08-15,43.67,46.15,45.74,31.55,10.73,20.75,104290,130956,91,NA,38.8,35.12,0.0151,0.009021,0.0037,NA,0.0278,0,NA,NA,54.3,32.41,13.29,3.73,6.53,3.56,NA,82.5,82.7,85.7,86.8,NA,NA,NA,NA,NA,NA,NA,NA,NA,0.07,0.12,NA,NA,205.142460041696,344.196664350243
"158",2021-08-16,52.61,50.53,33.64,27.69,13.92,20.38,81720,104496,73,56.99,38.8,25.53,0.0235,0.008572,0.0062,NA,0.0383,0,NA,NA,61.42,22.39,16.19,3.73,6.53,3.56,NA,82.5,82.7,85.7,86.8,NA,NA,NA,7.2,4332,34,0.01,2.5,70.7,0.09,0.12,NA,NA,206.325694444444,385.3
"159",2021-08-17,72.23,54.12,20.72,28.09,7.37,16.96,88350,111420,77,NA,38.8,22.69,0.025,0.010752,0.0073,NA,0.0431,0.0045,0.0045,4500,58.11,24.95,16.94,6.5,4.5,2.25,13.9,85.9,82.9,83,86.8,90.5,NA,NA,NA,4356,35,0.01,NA,NA,0.12,0.12,NA,NA,213.474442044636,403.066954643628
"160",2021-08-18,66.59,55.76,24.55,28.9,9.66,15.02,154120,190717,132,58.64,38.8,22.68,0.0221,0.012202,0.0088,NA,0.0431,0,NA,NA,51.29,28.3,20.41,6.5,4.5,2.25,NA,85.9,82.9,83,90.5,NA,NA,NA,NA,4290,33,0.01,2.6,71,0.12,0.11,NA,NA,225.934027777778,423.460416666667
"161",2021-08-19,53.24,54.66,38.23,31.79,9.28,13.59,115860,141666,98,NA,38.8,22.23,0.0218,0.014075,0.0081,NA,0.044,0,NA,NA,49.59,32,18.41,5.96,6.68,2.63,NA,85.1,84.5,83.2,90.5,NA,NA,NA,NA,NA,29,NA,NA,NA,0.13,0.11,NA,NA,224.101813110181,456.378661087866
"162",2021-08-20,63.49,56.48,31.9,32.92,5.02,11.01,114430,142077,99,56.29,38.8,25.41,0.0238,0.010723,0.004,NA,0.0385,0.0045,0.0045,4500,61.73,27.87,10.4,5.96,6.68,2.63,6.6,85.1,84.5,83.2,90.5,87,174,96083,NA,4232,35,0.01,2.5,70.2,0.12,0.11,2630,1451400,200.084722222222,417.368055555556
"163",2021-08-21,54.33,58.02,7.6,28.91,36.76,13.25,170050,213267,148,NA,38.8,19.54,0.0296,0.008809,0.0116,NA,0.05,0,NA,NA,59.22,17.6,23.18,5.61,2.64,9.03,NA,81,81,90.1,87,NA,NA,NA,NA,NA,NA,NA,NA,NA,0.16,0.12,NA,NA,227.873611111111,355.911805555556
"164",2021-08-22,56.61,59.87,17.62,24.9,24.89,15.27,117820,149107,104,NA,38.8,39.33,0.013,0.008582,0.0033,NA,0.0249,0,NA,NA,52.2,34.53,13.28,5.61,2.64,9.03,NA,81,81,90.1,87,NA,NA,NA,NA,NA,NA,NA,NA,NA,0.07,0.12,NA,NA,212.190277777778,448.533333333333
"165",2021-08-23,46.43,58.99,7.98,21.23,44.02,19.57,177840,222958,155,NA,38.8,26.43,0.0193,0.00706,0.0106,NA,0.037,0.0045,0.0045,4500,52.25,19.09,28.66,5.61,2.64,9.03,5.4,81,81,90.1,87,84.2,NA,72548,7.15,4196,35,0.01,2.6,69.2,0.12,0.12,NA,1353500,233.879861111111,454.448611111111
"166",2021-08-24,44.41,55.01,20.93,21.26,32.25,23.13,97840,124515,86,NA,38.8,28.22,0.0207,0.006468,0.0075,NA,0.0346,0,NA,NA,59.69,18.67,21.65,4.3,6.29,8.23,NA,80.5,82.9,90.5,84.2,NA,NA,NA,NA,NA,42,NA,NA,NA,0.1,0.12,NA,NA,237.31875,492.08125
"167",2021-08-25,49.21,52.53,21.52,20.83,27.23,25.64,173150,218809,152,67.86,38.8,28.27,0.0221,0.006407,0.0061,NA,0.0346,0.0045,0.0045,4500,63.83,18.53,17.64,4.3,6.29,8.23,8.6,80.5,82.9,90.5,84.2,88.7,169,119994,NA,4164,30,0.01,2.6,69.8,0.1,0.11,1970,1401800,241.526096033403,479.322894919972
"168",2021-08-26,59.89,53.48,22.46,18.57,17.63,26.83,169150,207780,144,NA,38.8,30.32,0.02,0.00633,0.0059,NA,0.0322,0,NA,NA,62.07,19.63,18.3,6.33,7.53,6,NA,84.2,83.9,88.8,88.7,NA,NA,NA,NA,NA,50,NA,NA,NA,0.11,0.11,NA,NA,227.705555555556,478.027777777778
"169",2021-08-27,55.09,52.28,25.47,17.65,19.42,28.89,142980,170573,118,63.25,38.9,32.46,0.0173,0.006741,0.0061,NA,0.0301,0.0045,0.0045,4500,57.37,22.38,20.25,6.33,7.53,6,NA,84.2,83.9,88.8,88.7,NA,NA,NA,7.21,4160,34,0.01,2.6,69.8,0.11,0.11,NA,NA,239.368055555556,495.467361111111
"170",2021-08-28,28.35,48.57,27.5,20.5,44.8,30.03,157320,180687,125,NA,38.8,26.26,0.0162,0.00874,0.0123,NA,0.0372,0,NA,NA,43.5,23.47,33.03,2.67,4.86,5.15,NA,82.2,81.2,87.4,88.7,NA,NA,NA,NA,NA,NA,NA,NA,NA,0.08,0.1,NA,NA,239.374216027875,483.455052264808
"171",2021-08-29,59.98,49.05,39.05,23.56,0.99,26.62,124540,147239,102,NA,38.8,28.31,0.0252,0.009126,2e-04,NA,0.0345,0,NA,NA,72.99,26.43,0.58,2.67,4.86,5.15,NA,82.2,81.2,87.4,88.7,NA,NA,NA,NA,NA,NA,NA,NA,NA,0.06,0.1,NA,NA,232.895723930983,479.075018754689
"172",2021-08-30,25.97,46.13,27.27,26.31,47.46,27.11,91660,112656,78,60.04,38.8,26.02,0.0153,0.008913,0.0134,NA,0.0376,0.0045,0.0045,4500,40.62,23.72,35.66,2.67,4.86,5.15,15.7,82.2,81.2,87.4,88.7,92.9,174,213190,NA,4190,41,0.01,2.6,69.9,0.08,0.09,1110,1357900,219.387867647059,503.815426997245
"173",2021-08-31,72.31,50.11,19.54,26.12,8.72,23.75,154400,186611,130,NA,38.8,25.32,0.0254,0.008818,0.0044,NA,0.0386,0,NA,NA,65.77,22.83,11.39,5.81,4.84,3.78,NA,86.8,81.1,86.8,92.9,NA,NA,NA,NA,NA,37,NA,NA,NA,0.11,0.09,NA,NA,224.653846153846,523.122177954847
"174",2021-09-01,60.57,50.52,18.07,25.62,22.86,20.91,221090,259074,180,63.7,38.8,20.75,0.0221,0.008484,0.012,NA,0.0471,0.0045,0.0045,4500,46.98,18,25.46,5.81,4.84,3.78,12.8,86.8,81.1,86.8,92.9,88.8,NA,NA,7.1,4160,44,0.01,2.6,69.7,0.15,0.11,NA,1027100,267.849256900212,538.412597310686
"175",2021-09-02,64.17,51.14,20.45,25.34,15.48,20.6,128410,153293,106,NA,38.8,24.53,0.0249,0.010659,0.0043,NA,0.0399,0,NA,NA,62.46,26.75,10.79,6.18,4.89,8.33,NA,85.7,80.6,88.2,88.8,NA,NA,NA,NA,NA,32,NA,NA,NA,0.13,0.11,NA,NA,261.680573663625,568.705345501956
"176",2021-09-03,71.46,53.48,15.67,23.93,12.96,19.68,147590,176119,122,58.54,38.8,20.21,0.0308,0.009077,0.004,NA,0.0484,0.0045,0.0045,4500,63.68,18.76,8.27,6.18,4.89,8.33,9.8,85.7,80.6,88.2,88.8,88.5,NA,96726,7.2,4104,43,0.01,2.6,69.7,0.17,0.12,NA,985990,264.037526059764,530.619179986101
"177",2021-09-04,45.11,57.08,17.27,22.47,37.41,20.84,166600,195440,136,NA,38.8,20.94,0.0283,0.006883,0.0115,NA,0.0467,0,NA,NA,60.63,14.74,24.63,3.84,5.37,6.6,NA,74.5,83.9,89,88.5,NA,NA,NA,NA,NA,NA,NA,NA,NA,0.11,0.12,NA,NA,262.489909533751,541.89422407794
"178",2021-09-05,62.16,57.39,36.47,22.1,1.37,20.89,40420,51066,35,NA,38.8,38.18,0.0185,0.006897,2e-04,NA,0.0256,0,NA,NA,72.29,26.93,0.78,3.84,5.37,6.6,NA,74.5,83.9,89,88.5,NA,NA,NA,NA,NA,NA,NA,NA,NA,0.05,0.12,NA,NA,207.950625869263,513.49652294854
"179",2021-09-06,41.76,59.65,22.2,21.38,35.84,19.23,90990,112447,78,NA,38.8,27.5,0.0202,0.006825,0.0085,NA,0.0355,0,NA,NA,56.89,19.2,23.91,3.84,5.37,6.6,NA,74.5,83.9,89,88.5,NA,NA,NA,NA,NA,NA,NA,NA,NA,0.09,0.12,NA,NA,209.904662491301,544.145441892832
"180",2021-09-07,42.45,55.38,24.13,22.03,33.23,22.74,198510,237726,165,NA,38.8,26.53,0.0211,0.007623,0.0081,NA,0.0368,0,NA,NA,57.33,20.69,21.98,3.84,5.37,6.6,NA,74.5,83.9,89,88.5,NA,NA,NA,NA,NA,31,NA,NA,NA,0.09,0.11,NA,NA,245.907381615599,562.410167130919
"181",2021-09-08,42.42,52.79,28.98,23.59,28.45,23.53,216670,244627,170,NA,38.8,24.96,0.0222,0.00964,0.0073,NA,0.0392,0.0045,0.0045,4500,56.75,24.61,18.64,3.84,5.37,6.6,10.8,74.5,83.9,89,88.5,87.7,279,136674,7.17,4138,34,0.01,2.6,69.6,0.1,0.11,2580,1265500,256.310416666667,578.556944444444
"182",2021-09-09,38.7,49.15,24.39,24.16,36.49,26.54,157290,177594,123,NA,38.8,25.64,0.0228,0.007682,0.0077,NA,0.0381,0,NA,NA,59.67,20.14,20.19,2.92,5.34,7.58,NA,81.7,83.4,88.7,87.7,NA,NA,NA,NA,NA,63,NA,NA,NA,0.09,0.1,NA,NA,244.37595552467,562.330785267547
"183",2021-09-10,45.05,45.38,30.63,26.29,24.05,28.12,131050,149653,104,51.98,38.8,31.68,0.0198,0.007224,0.0038,NA,0.0309,0,NA,NA,64.28,23.41,12.31,2.92,5.34,7.58,NA,81.7,83.4,88.7,87.7,NA,NA,NA,7.25,4174,36,0.01,2.6,69.5,0.07,0.09,NA,NA,229.394681595521,531.545136459062
"184",2021-09-11,38.72,44.47,22.23,27,38.82,28.32,143390,165422,115,NA,38.8,26.65,0.0177,0.006965,0.012,NA,0.0367,0,NA,NA,48.31,18.98,32.71,4.2,5.5,5.39,NA,76,84.8,88.2,87.7,NA,NA,NA,NA,NA,NA,NA,NA,NA,0.09,0.08,NA,NA,244.45,571.978472222222
"185",2021-09-12,63.16,44.61,35.11,26.81,1.71,28.37,15020,20786,14,NA,38.8,42.69,0.0164,0.006229,3e-04,NA,0.0229,0,NA,NA,71.49,27.2,1.31,4.2,5.5,5.39,NA,76,84.8,88.2,87.7,NA,NA,NA,NA,NA,NA,NA,NA,NA,0.05,0.08,NA,NA,213.108333333333,508.027083333333
"186",2021-09-13,44.35,44.98,23.67,27.02,31.8,27.79,143930,177000,123,NA,38.8,30.84,0.0171,0.006263,0.0083,NA,0.0317,0.0045,0.0045,4500,54.07,19.75,26.18,4.2,5.5,5.39,7,76,84.8,88.2,87.7,87,NA,100100,NA,4260,26,0.01,2.7,70.1,0.08,0.08,NA,1423900,230.031988873435,548.094575799722
"187",2021-09-14,66.06,48.35,20.09,26.44,14.15,25.07,163390,196770,137,NA,38.8,28.77,0.019,0.007462,0.0075,NA,0.034,0,NA,NA,55.97,21.96,22.07,8.13,6.37,4.31,NA,84.9,84,85.1,87,NA,NA,NA,NA,NA,37,NA,NA,NA,0.13,0.09,NA,NA,247.513966480447,559.655027932961
"188",2021-09-15,65.6,51.66,23.25,25.63,11.41,22.63,153330,187901,130,57.4,38.8,23.17,0.0237,0.010854,0.0076,NA,0.0422,0,NA,NA,56.27,25.72,18.01,8.13,6.37,4.31,NA,84.9,84,85.1,87,NA,NA,NA,NA,4278,36,0.01,2.6,69.7,0.16,0.1,NA,NA,271.54347826087,565.136645962733
"189",2021-09-16,69.37,56.04,18.84,24.83,11.84,19.11,117560,142854,99,69.22,38.8,29.34,0.0181,0.008178,0.007,6000,0.0333,0,NA,NA,54.45,24.54,21.01,9.76,5.96,4.17,NA,84,82.9,86.6,87,NA,NA,NA,NA,NA,32,NA,NA,NA,0.14,0.1,NA,NA,222.689419795222,532.692832764505
"190",2021-09-17,73.91,60.17,17.24,22.92,8.74,16.92,103510,127456,89,68.79,38.8,32.08,0.0192,0.007444,0.0038,5500,0.0305,0.0045,0.0045,4500,63.11,24.42,12.47,9.76,5.96,5.64,9.1,84,82.9,88.1,87,89.6,212,91443,NA,4226,29,0.01,2.7,69.2,0.14,0.11,2340,1009300,213.018881626725,531.122004357298
"191",2021-09-18,60.25,63.24,25.56,23.39,14.48,13.45,165140,222296,154,NA,38.8,26.34,0.0207,0.009369,0.007,NA,0.0371,0,NA,NA,55.9,25.24,18.86,6.23,5.95,4.18,NA,84.4,83,87.8,89.6,NA,NA,NA,NA,NA,NA,NA,NA,NA,0.12,0.12,NA,NA,240.253401360544,577.395229982964
"192",2021-09-19,62.41,63.14,25.72,22.05,12.12,14.93,190010,227389,158,NA,38.8,47.19,0.0121,0.005312,0.0033,NA,0.0207,0,NA,NA,58.43,25.64,15.93,6.23,5.95,4.18,NA,84.4,83,87.8,89.6,NA,NA,NA,NA,NA,NA,NA,NA,NA,0.07,0.12,NA,NA,246.482164821648,566.554735547355
"193",2021-09-20,52.82,64.35,23.44,22.02,24.23,13.85,96970,127176,88,NA,38.8,28.33,0.0163,0.007704,0.0105,5700,0.0345,0.0045,0.0045,4500,47.25,22.33,30.43,6.23,5.95,4.18,9.5,84.4,83,87.8,89.6,91.7,210,124890,NA,4250,38,0.01,2.7,70,0.1,0.12,2210,1317400,304.914583333333,585.216666666667
"194",2021-09-21,62.92,63.9,15.96,21.43,21.76,14.94,262090,386971,269,NA,38.8,25.91,0.0224,0.00775,0.0076,6300,0.0377,0,NA,NA,59.31,20.54,20.14,7.99,6,7.55,NA,85.1,83,89,91.7,NA,NA,NA,NA,NA,37,NA,NA,NA,0.15,0.12,NA,NA,364.415972222222,583.392361111111
"195",2021-09-22,56.75,62.63,18.35,20.73,25.65,16.97,192120,273805,190,62.11,38.8,31.54,0.0164,0.007261,0.0073,6000,0.031,0,NA,NA,53.03,23.42,23.55,7.99,6,7.55,NA,85.1,83,89,91.7,NA,NA,NA,NA,4236,38,0.01,2.7,70.6,0.13,0.12,NA,NA,328.285714285714,589.686411149826
"196",2021-09-23,51.02,60.01,20.07,20.91,28.75,19.39,186940,262299,182,NA,38.8,30.65,0.0167,0.007668,0.0075,5000,0.0319,0,NA,NA,52.45,24.04,23.51,6.65,5.95,7.82,NA,85.8,82.3,92.2,91.7,NA,NA,NA,NA,NA,31,NA,NA,NA,0.12,0.12,NA,NA,295.570815450644,616.56652360515
"197",2021-09-24,58.7,57.84,16.25,20.76,24.91,21.7,260210,382999,266,62.17,38.8,24.25,0.0243,0.007836,0.0082,5500,0.0403,0.0045,0.0045,4500,60.23,19.43,20.33,6.65,5.95,7.82,8.8,85.8,82.3,92.2,91.7,89.4,NA,80865,7.25,4188,45,0.01,2.7,70.5,0.15,0.12,NA,915800,311.480194579569,576.103544127867
"198",2021-09-25,52.34,56.71,20.72,20.07,26.35,23.4,158860,216016,150,NA,38.8,30.09,0.0187,0.006931,0.0069,NA,0.0325,0,NA,NA,57.44,21.33,21.23,5.01,5.38,6.42,NA,84.1,83.5,91.4,89.4,NA,NA,NA,NA,NA,NA,NA,NA,NA,0.1,0.12,NA,NA,243.074305555556,570.408333333333
"199",2021-09-26,46.07,54.37,33.35,21.16,20.13,24.54,145370,196444,136,NA,38.8,46.13,0.0106,0.007195,0.0034,NA,0.0212,0,NA,NA,50.01,33.95,16.04,5.01,5.38,6.42,NA,84.1,83.5,91.4,89.4,NA,NA,NA,NA,NA,NA,NA,NA,NA,0.06,0.12,NA,NA,251.737991266376,615.301310043668
"200",2021-09-27,45.16,53.28,20.97,20.81,33.13,25.81,126880,174192,121,62.91,38.8,30.31,0.0163,0.007117,0.0088,6000,0.0323,0.0045,0.0045,4500,50.66,22.06,27.28,5.01,5.38,6.42,8.7,84.1,83.5,91.4,89.4,89.4,196,102565,7.3,4326,33,0.01,2.7,70.7,0.1,0.12,2250,1176200,271.327160493827,630.292592592593
"201",2021-09-28,47.09,51.02,27.25,22.42,25.4,26.33,157100,216885,151,NA,38.8,32.97,0.0148,0.008413,0.0064,6000,0.0297,0,NA,NA,50.04,28.37,21.58,5.06,5.37,6.13,NA,86.6,83.3,90.3,89.4,NA,NA,NA,NA,NA,34,NA,NA,NA,0.09,0.11,NA,NA,260.433240611961,553.153685674548
"202",2021-09-29,44.53,49.27,22.79,23.06,32.35,27.29,250890,308541,214,NA,38.8,23.31,0.0201,0.010096,0.0117,6000,0.0419,0.0045,0.0045,4500,48.03,24.07,27.9,5.06,5.37,6.13,9.3,86.6,83.3,90.3,89.4,89.6,NA,NA,7.2,4442,46.5,0.01,3.5,71.6,0.13,0.11,NA,NA,293.240972222222,531.304166666667
"203",2021-09-30,53.18,49.58,20.49,23.12,26.94,27.03,132800,161120,112,NA,38.8,27.77,0.0168,0.008171,0.0102,6000,0.0352,0,NA,NA,47.83,23.21,28.97,6.25,5.1,5,7.2,85.7,83.4,87.6,89.6,87.6,NA,NA,NA,NA,NA,NA,NA,NA,0.11,0.1,NA,NA,234.055721393035,524.281592039801
"204",2021-10-01,65.79,50.59,18.78,23.48,15.43,25.68,135740,164120,114,51.5,38.8,27.48,0.0216,0.007767,0.0062,6000,0.0356,0.0045,0.0045,4500,60.75,21.83,17.43,6.25,5.1,5,NA,85.7,83.4,87.6,87.6,NA,NA,NA,7.31,4392,41,0.01,2.7,70.8,0.11,0.1,NA,NA,246.898030942335,552.969079409698
"205",2021-10-02,55.92,51.11,32.1,25.1,12.76,23.73,102270,125210,87,NA,38.8,30.05,0.0184,0.007016,0.0071,NA,0.0325,0,NA,NA,56.61,21.56,21.82,4.35,6.77,2.51,NA,85.4,82.7,82.3,87.6,NA,NA,NA,NA,NA,NA,NA,NA,NA,0.08,0.1,NA,NA,215.49546406141,602.185624563852
"206",2021-10-03,59.27,52.99,32.28,24.95,8.99,22.14,97990,120307,84,NA,38.8,28.17,0.0215,0.007751,0.0055,NA,0.0347,0,NA,NA,61.82,22.33,15.85,4.35,6.77,2.51,NA,85.4,82.7,82.3,87.6,NA,NA,NA,NA,NA,NA,NA,NA,NA,0.09,0.1,NA,NA,215.541405706333,585.55114822547
"207",2021-10-04,48.56,53.48,32.99,26.67,19.63,20.22,154990,187351,130,61.59,38.8,24.84,0.0184,0.008316,0.0126,6500,0.0394,0.0045,0.0045,4500,46.87,21.13,32.01,4.35,6.77,2.51,7,85.4,82.7,82.3,87.6,86.9,NA,NA,7.2,4394,44,0.01,2.7,71.4,0.09,0.1,NA,NA,241.833217512161,522.797776233495
"208",2021-10-05,35.21,51.78,18.86,25.47,44.75,22.98,196560,237607,165,NA,38.8,22.17,0.021,0.00751,0.0156,6000,0.0441,0,NA,NA,47.61,17.03,35.37,4.3,6.72,7.28,NA,86,82.4,89.2,86.9,NA,NA,NA,NA,NA,46,NA,NA,NA,0.14,0.11,NA,NA,306.456764295676,589.089260808926
"209",2021-10-06,43.15,51.58,16.98,24.64,38.84,23.91,276440,331072,230,64.21,38.8,19.69,0.0278,0.007295,0.0146,5700,0.0496,0.0045,0.0045,4500,55.9,14.69,29.41,4.3,6.72,7.28,8.1,86,82.4,89.2,86.9,89.5,187,NA,NA,4346,45,0.01,2.8,71.7,0.15,0.11,2310,NA,412.481944444444,596.415277777778
"210",2021-10-07,46.3,50.6,25.93,25.42,26.84,23.89,139060,210820,146,NA,38.8,31.89,0.019,0.006556,0.0051,5500,0.0307,0,NA,NA,61.98,21.38,16.63,3.93,6.62,8.09,NA,85.3,82.2,92.6,89.5,NA,NA,NA,NA,NA,69,NA,NA,NA,0.09,0.11,NA,NA,432.160994764398,573.624345549738
"211",2021-10-08,60.74,49.88,39.26,28.34,0,21.69,163040,233336,162,52.32,38.8,41.25,0.017,0.00675,0,6000,0.0237,0,NA,NA,71.52,28.48,0,3.93,6.62,8.09,NA,85.3,82.2,92.6,89.5,NA,NA,NA,NA,4412,75,0.02,2.7,72.2,0.06,0.1,NA,NA,244.268518518519,514.021604938272
"212",2021-10-09,71.3,52.08,28.7,27.86,0,19.86,176540,220694,153,NA,38.8,36.47,0.021,0.005806,0,NA,0.0268,0,NA,NA,78.35,21.65,0,4.35,6.63,8.09,NA,85.6,81.8,92.6,89.5,NA,NA,NA,NA,NA,NA,NA,NA,NA,0.07,0.1,NA,NA,217.242105263158,512.661654135338
"213",2021-10-10,73.12,54.06,26.88,27.09,0,18.58,129350,158457,110,NA,38.8,43.92,0.0178,0.004486,0,NA,0.0223,0,NA,NA,79.85,20.15,0,4.35,6.63,8.09,NA,85.6,81.8,92.6,89.5,NA,NA,NA,NA,NA,NA,NA,NA,NA,0.06,0.09,NA,NA,204.601579325197,503.303661162958
"214",2021-10-11,35.4,52.17,20.66,25.32,42.46,21.84,139400,169972,118,52.71,38.8,29.02,0.0167,0.006692,0.0103,NA,0.0337,0.0045,0.0045,4500,49.56,19.86,30.57,4.35,6.63,8.09,6,85.6,81.8,92.6,89.5,NA,159,88077,7.2,4452,52,0.01,2.7,71,0.11,0.1,2650,1470400,318.820979020979,581.539160839161
"215",2021-10-12,40.69,52.96,15.51,24.85,42.33,21.5,232040,279615,194,NA,38.8,19.91,0.0261,0.008137,0.0149,NA,0.0491,0,NA,NA,53.09,16.57,30.34,4.61,5.89,8.09,NA,86.3,82.5,92.6,89.5,NA,NA,NA,NA,NA,51,NA,NA,NA,0.16,0.1,NA,NA,368.361610352265,574.040229885057
"216",2021-10-13,64.55,56.02,27.52,26.35,7.66,17.04,166480,203694,141,55.86,38.8,30.07,0.023,0.008025,0.0015,NA,0.0325,0,NA,NA,70.71,24.68,4.61,4.61,5.89,8.09,NA,86.3,82.5,92.6,89.5,NA,NA,NA,7.26,4508,66,0.01,2.8,72.4,0.09,0.09,NA,NA,247.016444792482,507.790588235294
"217",2021-10-14,60.04,57.98,19.56,25.44,19.72,16.03,129840,164538,114,NA,38.8,26.67,0.0229,0.007854,0.0059,6300,0.0367,0,NA,NA,62.48,21.43,16.09,6.55,6.46,8.09,NA,86.7,83.5,92.6,89.5,NA,NA,NA,NA,NA,63,NA,NA,NA,0.14,0.1,NA,NA,317.655813953488,493.896899224806
"218",2021-10-15,52.46,56.8,18.91,22.53,27.66,19.98,196320,239177,166,57.38,38.8,28.19,0.0193,0.007342,0.008,6000,0.0347,0.0045,0.0045,4500,55.77,21.17,23.06,6.55,6.46,8.09,6.9,86.7,83.5,92.6,89.5,NA,NA,89873,7.23,4364,69,0.02,2.8,72.1,0.13,0.11,NA,1304400,302.663235294118,548.790014684288
"219",2021-10-16,55.48,54.54,22.74,21.68,21.04,22.98,156170,192622,134,NA,38.8,35.22,0.0167,0.00658,0.0045,NA,0.0278,0,NA,NA,60.08,23.7,16.21,5.92,6.44,8.09,NA,87,83.1,92.6,89.5,NA,NA,NA,NA,NA,NA,NA,NA,NA,0.1,0.11,NA,NA,332.910791366906,566.474063400576
"220",2021-10-17,68.29,53.85,31.71,22.37,0,22.98,83030,102438,71,NA,38.8,51.55,0.0131,0.005859,0,NA,0.019,0,NA,NA,69.11,30.89,0,5.92,6.44,8.09,NA,87,83.1,92.6,89.5,NA,NA,NA,NA,NA,NA,NA,NA,NA,0.06,0.11,NA,NA,306.458405545927,448.827705627706
"221",2021-10-18,49.69,55.89,18.15,22.02,31.09,21.36,217710,256801,178,66.07,38.8,28.16,0.0193,0.006793,0.0086,6000,0.0347,0.0045,0.0045,4500,55.66,19.57,24.77,5.92,6.44,8.09,7.8,87,83.1,92.6,89.5,NA,NA,99841,NA,5432,48,0.01,2.8,71.8,0.13,0.12,NA,1283300,414.582907231556,575.947406866326
"222",2021-10-19,51.6,57.44,19.42,22.57,28.08,19.32,179190,212748,148,NA,38.5,26.57,0.0219,0.007492,0.0074,6500,0.0368,0,NA,NA,59.53,20.36,20.11,5.29,6.1,8.35,NA,87.7,83.7,92.4,89.5,NA,NA,NA,NA,NA,56,NA,NA,NA,0.13,0.11,NA,NA,377.491684743312,567.088937093275
"223",2021-10-20,50.88,55.49,13.7,20.6,34.31,23.13,182530,216100,150,59.47,38.8,24.85,0.0237,0.005788,0.0099,6000,0.0393,0.0045,0.0045,4500,60.12,14.71,25.17,5.29,6.1,8.35,8.2,87.7,83.7,92.4,89.5,NA,NA,5779,NA,4544,46,0.01,2.8,72.2,0.14,0.12,NA,70650,369.661981728742,581.47575544624
"224",2021-10-21,71.81,57.17,5.68,18.62,21.81,23.43,183400,208955,145,NA,38.8,23.43,0.032,0.002683,0.0071,6000,0.0417,0,NA,NA,76.56,6.43,17.01,6.24,6.17,8.35,NA,87.6,83.4,92.4,89.5,NA,NA,NA,NA,NA,52,NA,NA,NA,0.16,0.12,NA,NA,393.63381294964,556.225179856115
"225",2021-10-22,58.41,58.02,30.14,20.22,11.09,21.06,190680,217668,151,59.07,38.8,27.75,0.0209,0.011448,0.0029,5500,0.0352,0.0045,0.0045,4500,59.28,32.49,8.23,6.24,6.17,8.35,7.9,87.6,83.4,92.4,89.5,NA,NA,NA,NA,4462,47,0.01,2.8,72.3,0.12,0.12,NA,NA,380.189269746647,473.874162323157
"226",2021-10-23,66.86,59.65,19.96,19.82,12.89,19.89,215680,251153,174,NA,38.8,17.99,0.0332,0.01336,0.0078,NA,0.0544,0,NA,NA,61.07,24.58,14.35,8.29,6.27,6.39,NA,84.1,82.5,91.5,89.5,NA,NA,NA,NA,NA,NA,NA,NA,NA,0.22,0.14,NA,NA,423.440789473684,387.654239766082
"227",2021-10-24,64.01,59.04,24.24,18.76,11.49,21.54,211890,242226,168,NA,38.8,11.46,0.0493,0.025179,0.0108,NA,0.0853,0,NA,NA,57.83,29.51,12.66,8.29,6.27,6.39,NA,84.1,82.5,91.5,89.5,NA,NA,NA,NA,NA,NA,NA,NA,NA,0.34,0.18,NA,NA,378.370398773006,394.396472392638
"228",2021-10-25,59.05,60.37,22.32,19.35,18.22,19.7,358180,413531,287,49.92,38.8,14.56,0.0356,0.018142,0.0134,6000,0.0672,0.0045,0.0045,4500,53.03,27.01,19.95,8.29,6.27,6.39,8.6,84.1,82.5,91.5,89.5,NA,NA,NA,NA,4238,78,0.02,3.1,72.1,0.27,0.2,NA,NA,476.105354058722,392.927461139896
"229",2021-10-26,53.67,60.67,34.79,21.55,11.38,17.31,201790,236243,164,NA,38.8,20.26,0.0239,0.017246,0.0071,6000,0.0483,0,NA,NA,49.55,35.74,14.71,8.46,6.73,5.09,NA,75.4,85.2,90.7,89.5,NA,NA,NA,NA,NA,49,NA,NA,NA,0.18,0.2,NA,NA,394.148148148148,376.275
"230",2021-10-27,58.86,61.81,27.49,23.52,13.47,14.34,246880,284007,197,37.43,38.8,14.07,0.0378,0.019617,0.0121,6000,0.0695,0.0045,0.0045,4500,54.35,28.24,17.42,8.46,6.73,5.09,19.8,75.4,85.2,90.7,89.5,NA,NA,NA,NA,4352,55,0.01,3.2,71.1,0.26,0.22,NA,NA,443.397800183318,357.570119156737
"231",2021-10-28,4.79,52.24,72.81,33.11,21.62,14.31,281130,316742,220,NA,38.8,12.75,0.0397,0.029391,0.0076,6300,0.0767,0,NA,NA,51.77,38.32,9.91,0.49,7.68,8.16,NA,63.2,82.8,92.7,89.5,NA,NA,NA,NA,NA,43,NA,NA,NA,0.16,0.22,NA,NA,413.707619047619,362.006673021926
"232",2021-10-29,6.74,44.85,79.48,40.16,13.3,14.63,243580,273747,190,53.01,38.8,14.52,0.0406,0.023329,0.0034,6000,0.0673,0.0045,0.0045,4500,60.3,34.65,5.05,0.49,7.68,8.16,7.3,63.2,82.8,92.7,89.5,88.1,NA,NA,NA,4292,42,0.01,3.3,70.4,0.12,0.22,NA,NA,468.733772342427,345.358419567262
"233",2021-10-30,74.09,45.89,19.55,40.1,6.23,13.68,288430,329364,229,NA,38.8,14.03,0.0478,0.014459,0.0074,NA,0.0697,0,NA,NA,68.63,20.75,10.62,10.1,8.07,4.67,NA,75,81.9,90,88.1,NA,NA,NA,NA,NA,NA,NA,NA,NA,0.31,0.24,NA,NA,512.09632034632,234.813852813853
"234",2021-10-31,84.6,48.83,13.78,38.6,1.59,12.26,233820,275196,191,NA,38.8,13.81,0.058,0.010823,0.002,NA,0.0708,0,NA,NA,81.89,15.29,2.83,10.1,8.07,4.67,NA,75,81.9,90,88.1,NA,NA,NA,NA,NA,NA,NA,NA,NA,0.33,0.23,NA,NA,452.334558823529,178.700367647059
"235",2021-11-01,87.5,52.89,9.77,36.81,2.67,10.04,201750,228563,159,57.38,38.8,16.58,0.0498,0.00637,0.0028,6300,0.059,0,NA,NA,84.45,10.8,4.75,10.1,8.07,4.67,NA,75,81.9,90,88.1,NA,NA,NA,NA,4194,58,0.01,3.5,69.9,0.28,0.23,NA,NA,330.9,230.8
"236",2021-11-02,58.59,53.59,20.11,34.71,21.01,11.41,237540,274041,190,NA,38.8,17.2,0.0369,0.008465,0.0115,6000,0.0568,0,NA,NA,64.87,14.89,20.23,5.91,7.95,5.67,NA,73.5,81.7,89.3,88.1,NA,NA,NA,NA,NA,41,NA,NA,NA,0.17,0.23,NA,NA,358.987198795181,234.948081264108
"237",2021-11-03,55.25,53.08,26.58,34.58,17.92,12.05,276690,314428,218,42.01,38.8,14.95,0.0408,0.01312,0.0115,6000,0.0654,0.0045,0.0045,4500,62.35,20.06,17.58,5.91,7.95,5.67,10.6,73.5,81.7,89.3,88.1,89.7,NA,138457,7.21,4168,51,0.01,3.4,69.5,0.2,0.23,NA,1306200,425.996320147194,278.03771849126
"238",2021-11-04,56.85,60.52,32,28.75,11.2,10.56,274860,313048,217,NA,38.8,15.67,0.0397,0.015795,0.0069,5000,0.0624,0,NA,NA,63.63,25.31,11.06,6.08,7.81,5.67,NA,73.8,81.3,89.3,89.7,NA,NA,NA,NA,NA,48,NA,NA,NA,0.2,0.23,NA,NA,491.414273995078,312.185550082102
"239",2021-11-05,56.49,67.62,39.32,23.02,4.2,9.26,219460,258835,180,55.26,38.8,17.92,0.035,0.017234,0.0023,6000,0.0546,0,NA,NA,64.2,31.58,4.21,6.08,7.81,5.67,NA,73.8,81.3,89.3,89.7,NA,NA,NA,7.3,4144,50,0.01,3.3,70,0.18,0.24,NA,NA,272.134935304991,90.9824399260629
"240",2021-11-06,59.24,65.5,28.87,24.35,11.83,10.06,185940,219757,153,NA,38.8,17.49,0.0378,0.011728,0.0064,NA,0.0559,0,NA,NA,67.57,20.98,11.45,5.05,7.69,5.2,NA,78.4,80.8,90.2,89.7,NA,NA,NA,NA,NA,NA,NA,NA,NA,0.16,0.22,NA,NA,252.185356811863,60.5644114921223
"241",2021-11-07,68.1,63.15,28.77,26.49,3.11,10.28,150820,184649,128,NA,38.8,20.72,0.0361,0.00971,0.0014,NA,0.0472,0,NA,NA,76.45,20.58,2.97,5.05,7.69,5.2,NA,78.4,80.8,90.2,89.7,NA,NA,NA,NA,NA,NA,NA,NA,NA,0.13,0.19,NA,NA,268.943150046598,48.7819198508854
"242",2021-11-08,46.01,57.22,37.95,30.52,15.95,12.18,170680,206771,144,64.49,38.7,29.83,0.018,0.009464,0.0053,6000,0.0328,0,NA,NA,54.95,28.88,16.17,5.05,7.69,5.2,NA,78.4,80.8,90.2,89.7,NA,NA,NA,7.22,4142,45,0.01,3.2,70.2,0.1,0.16,NA,NA,302.361296472831,58.8455672068637
"243",2021-11-09,74.7,59.52,6.91,28.63,18.29,11.79,141100,164910,115,NA,38.8,22.54,0.035,0.001799,0.0066,NA,0.0434,0,NA,NA,80.64,4.15,15.21,4.34,7.96,5.2,NA,82.8,81.2,90.2,89.7,NA,NA,NA,NA,NA,43,NA,NA,NA,0.11,0.15,NA,NA,361.108527131783,47.7836504580691
"244",2021-11-10,54.77,59.45,7.37,25.88,37.65,14.61,203770,233716,162,49.82,38.8,25.62,0.0238,0.00178,0.0126,5250,0.0382,0.0045,0.0045,4500,62.32,4.66,33.01,4.34,7.96,5.2,6.5,82.8,81.2,90.2,89.7,85.1,NA,102044,7.19,4276,42,0.01,3,68.9,0.1,0.14,NA,1569900,233.315366049879,81.3958165728077
"245",2021-11-11,71.92,61.6,14.76,23.42,12.59,14.8,211140,238308,165,NA,38.8,20.87,0.0321,0.007427,0.0073,6000,0.0469,0,NA,NA,68.57,15.85,15.58,6.87,6.09,4.8,NA,77.2,77.3,90.1,85.1,NA,NA,NA,NA,NA,NA,NA,NA,NA,0.15,0.13,NA,NA,429.557513914657,73.5287569573284
"246",2021-11-12,74.73,64.21,20.25,20.7,4.74,14.88,242720,273792,190,43.7,38.8,16.58,0.0425,0.012972,0.0035,6000,0.059,0.0045,0.0045,4500,72.06,22,5.94,6.87,6.09,4.8,5.5,77.2,77.3,90.1,85.1,89.1,NA,67775,7.17,4262,49,0.01,3.1,70,0.19,0.13,NA,1241300,285.285130718954,66.9558823529412
"247",2021-11-13,65.79,65.14,25.71,20.25,8.7,14.43,245290,279537,194,NA,38.8,16.35,0.037,0.01591,0.0069,NA,0.0598,0,NA,NA,61.85,26.61,11.54,6.39,5.47,3.73,NA,73.4,77.9,87,89.1,NA,NA,NA,NA,NA,NA,NA,NA,NA,0.17,0.14,NA,NA,377.256900212314,80.4324133050248
"248",2021-11-14,59.32,63.89,36.95,21.41,3.83,14.54,172220,198062,138,NA,38.8,20.87,0.0264,0.018076,0.0024,NA,0.0468,0,NA,NA,56.29,38.59,5.12,6.39,5.47,3.73,NA,73.4,77.9,87,89.1,NA,NA,NA,NA,NA,NA,NA,NA,NA,0.13,0.14,NA,NA,315.292883895131,115.353558052434
"249",2021-11-15,47.77,64.14,35.46,21.06,17.17,14.71,188150,216673,150,62.22,38.8,18.08,0.0233,0.019009,0.0118,6450,0.0541,0.0045,0.0045,4500,43.02,35.15,21.82,6.39,5.47,3.73,8.6,73.4,77.9,87,89.1,87,NA,NA,7.19,4326,44,0.01,3,69.6,0.15,0.14,NA,NA,366.292834890966,172.16420233463
"250",2021-11-16,60.29,62.08,32.2,24.67,7.32,13.14,219110,249364,173,NA,38.8,14.72,0.0442,0.018791,0.0034,NA,0.0664,0,NA,NA,66.59,28.29,5.12,3.81,4.93,5.55,NA,80.3,78,89.4,87,NA,NA,NA,NA,NA,62,NA,NA,NA,0.14,0.15,NA,NA,323.209269662921,244.675087719298
"251",2021-11-17,53.99,61.97,30.03,27.91,15.55,9.98,207670,243384,169,60.08,38.8,14.26,0.0422,0.018675,0.0077,6000,0.0686,0,NA,NA,61.54,27.23,11.23,3.81,4.93,5.55,NA,80.3,78,89.4,87,NA,NA,NA,7.26,4290,41,0.01,3,70.9,0.15,0.16,NA,NA,349.653355989805,311.291418861512
"252",2021-11-18,62.62,60.65,37.38,31.14,0,8.19,177160,213260,148,NA,38.8,19.72,0.0318,0.017741,0,5500,0.0496,0,NA,NA,64.21,35.79,0,4.73,5.16,12.1,NA,81.6,80.1,90.3,87,NA,NA,NA,NA,NA,36,NA,NA,NA,0.13,0.15,NA,NA,241.663628076572,377.814038286235
"253",2021-11-19,33.62,54.77,20.74,31.21,43.97,13.79,342690,413502,287,62.3,38.8,16.65,0.0286,0.016458,0.0137,6000,0.0587,0.0045,0.0045,4500,48.64,28.03,23.33,4.73,5.16,12.1,11.3,81.6,80.1,90.3,87,90.2,NA,NA,7.25,4372,65,0.01,2.8,70.2,0.21,0.15,NA,NA,224.551470588235,338.318014705882
"254",2021-11-20,39.22,50.98,30.46,31.89,29.22,16.72,240160,295620,205,NA,38.8,25.03,0.0199,0.013374,0.0058,NA,0.0391,0,NA,NA,50.91,34.24,14.85,4.51,5.48,10.6,NA,83,78.9,93.6,90.2,NA,NA,NA,NA,NA,NA,NA,NA,NA,0.12,0.15,NA,NA,198.342767295597,409.165880503145
"255",2021-11-21,55.8,50.47,32.99,31.32,10.8,17.72,153860,189817,132,NA,38.8,31.1,0.0198,0.010135,0.0015,NA,0.0314,0,NA,NA,62.99,32.24,4.77,4.51,5.48,10.6,NA,83,78.9,93.6,90.2,NA,NA,NA,NA,NA,NA,NA,NA,NA,0.08,0.14,NA,NA,190.785648574057,410.02479338843
"256",2021-11-22,38.55,49.16,18.55,28.91,41.34,21.17,207770,240091,167,62.63,38.8,26.93,0.0198,0.008233,0.0083,NA,0.0363,0,NA,NA,54.46,22.68,22.86,4.51,5.48,10.6,NA,83,78.9,93.6,90.2,NA,NA,NA,7.13,4600,41,0.01,2.8,70.5,0.12,0.14,NA,NA,264.89429373246,427.055191768007
"257",2021-11-23,55.22,48.43,21.43,27.37,22.94,23.4,170840,208020,144,NA,38.7,29.95,0.0201,0.008634,0.0039,6000,0.0326,0,NA,NA,61.6,26.45,11.95,5.48,5.23,11.1,NA,85.3,80.8,91.8,90.2,NA,NA,NA,NA,NA,48,NA,NA,NA,0.11,0.13,NA,NA,267.904849039341,500.929551692589
"258",2021-11-24,64.14,49.88,20.18,25.96,15.41,23.38,150880,184188,128,65.13,38.7,25.9,0.0259,0.008997,0.0029,6000,0.0378,0.0045,0.0045,4500,68.49,23.83,7.68,5.48,5.23,11.1,7.4,85.3,80.8,91.8,90.2,87.8,NA,NA,7.23,4616,49,0.01,2.8,71.3,0.12,0.13,NA,NA,327.27239488117,515.20802919708
"259",2021-11-25,42.03,46.94,16.86,23.03,39.49,29.02,331550,413597,287,NA,38.8,25.04,0.0202,0.008951,0.0099,NA,0.039,0,NA,NA,51.71,22.93,25.36,4.53,4.36,8.55,NA,86.5,81.3,91.4,87.8,NA,NA,NA,NA,NA,NA,NA,NA,NA,0.12,0.13,NA,NA,375.435326842837,585.880389429764
"260",2021-11-26,61.91,50.98,22.79,23.32,14.7,24.84,137180,177346,123,NA,38.8,30.45,0.021,0.008536,0.0026,NA,0.0321,0.0045,0.0045,4500,65.32,26.58,8.1,4.53,4.36,8.55,6.6,86.5,81.3,91.4,87.8,86.7,NA,NA,NA,NA,NA,NA,NA,NA,0.08,0.11,NA,NA,474.389950460014,528.314225053079
"261",2021-11-27,57.03,53.53,21.53,22.05,20.34,23.57,149520,201683,140,NA,38.8,28.69,0.0212,0.008856,0.004,NA,0.0341,0,NA,NA,62.28,25.99,11.74,4.53,4.36,8.55,NA,86.5,81.3,91.4,86.7,NA,NA,NA,NA,NA,NA,NA,NA,NA,0.09,0.1,NA,NA,552.982505248425,564.173547935619
"262",2021-11-28,65.67,54.94,34.33,22.24,0,22.03,171400,223863,155,NA,38.8,36.13,0.0171,0.009912,0,NA,0.0271,0,NA,NA,63.37,36.63,0,4.53,4.36,8.55,NA,86.5,81.3,91.4,86.7,NA,NA,NA,NA,NA,NA,NA,NA,NA,0.07,0.1,NA,NA,652.377121771218,513.275276752768
"263",2021-11-29,40.19,55.17,18.56,22.24,39.13,21.71,160070,193473,134,68.6,38.8,26.71,0.0181,0.009226,0.0093,NA,0.0366,0.0045,0.0045,4500,49.38,25.21,25.41,4.53,4.36,8.55,6.4,86.5,81.3,91.4,86.7,86.7,NA,NA,7.19,4726,44,0.01,2.7,71,0.11,0.1,NA,NA,389.281588447653,531.881768953069
"264",2021-11-30,50.96,54.56,13.88,21.16,33.79,23.26,211810,260130,181,NA,38.6,24.12,0.0229,0.008831,0.0088,5500,0.0405,0,NA,NA,56.5,21.79,21.71,5.41,4.15,9.55,NA,88.7,81.7,90.2,86.7,NA,NA,NA,NA,NA,41,NA,NA,NA,0.14,0.1,NA,NA,406.024051803885,520.803885291397
"265",2021-12-01,64.98,54.68,13.81,20.25,20.38,23.97,223380,275180,191,66.74,38.8,18.44,0.0358,0.010759,0.0065,6000,0.053,0.0045,0.0045,4500,67.45,20.29,12.26,5.41,4.15,9.55,8.1,88.7,81.7,90.2,86.7,90.3,NA,NA,7.26,4798,54,0.01,2.7,71.3,0.17,0.11,NA,NA,439.073597056118,541.639374425023
"266",2021-12-02,52.94,56.24,21.73,20.95,25.14,21.92,312640,383240,266,NA,38.8,21.58,0.0262,0.011827,0.0073,5500,0.0453,0,NA,NA,57.78,26.11,16.11,4.44,4.27,7.25,NA,86.6,81.8,91,90.3,NA,NA,NA,NA,NA,42,NA,NA,NA,0.12,0.11,NA,NA,266.512104283054,540.85009310987
"267",2021-12-03,51.22,54.71,30.26,22.02,18.38,22.45,170810,216877,151,70.48,38.8,29.14,0.018,0.011725,0.0038,5250,0.0336,0,NA,NA,53.73,34.94,11.33,4.44,4.27,7.25,NA,86.6,81.8,91,90.3,NA,NA,NA,7.24,4736,47,0.01,2.7,71.5,0.09,0.11,NA,NA,388.841121495327,512.428037383178
"268",2021-12-04,54.67,54.38,34.71,23.9,10.49,21.04,91940,123961,86,NA,38.8,25.93,0.0208,0.013752,0.0032,NA,0.0377,0,NA,NA,55.05,36.47,8.49,4.9,4.97,5.87,NA,86.9,82.1,91.4,90.3,NA,NA,NA,NA,NA,NA,NA,NA,NA,0.1,0.11,NA,NA,348.074861367837,533.08595194085
"269",2021-12-05,66.02,54.43,33.98,23.85,0,21.04,170370,227464,158,NA,38.8,33.12,0.0192,0.010314,0,NA,0.0295,0,NA,NA,65.06,34.94,0,4.9,4.97,5.87,NA,86.9,82.1,91.4,90.3,NA,NA,NA,NA,NA,NA,NA,NA,NA,0.08,0.12,NA,NA,292.665740740741,495.452865064695
"270",2021-12-06,60.09,57.27,33.52,25.99,6.31,16.36,154950,221154,154,63.06,38.8,38.04,0.0154,0.008978,0.0013,NA,0.0257,0,NA,NA,60.01,34.93,5.06,4.9,4.97,5.87,NA,86.9,82.1,91.4,90.3,NA,NA,NA,NA,4790,44.1,0.01,2.7,71.2,0.07,0.11,NA,NA,298.427382053654,485.436632747456
"271",2021-12-07,48.15,56.87,19.52,26.79,31.36,16.01,122620,155724,108,NA,38.8,30.26,0.0175,0.008082,0.0067,6500,0.0323,0,NA,NA,54.25,25.01,20.73,6.68,5.7,10.3,NA,81.7,84.2,93.1,90.3,NA,NA,NA,NA,NA,47.2,NA,NA,NA,0.13,0.11,NA,NA,252.877664504171,477.118628359592
"272",2021-12-08,47.2,54.33,24.84,28.36,27.12,16.97,224530,278824,194,66.89,38.8,33.39,0.0151,0.009051,0.0051,6000,0.0293,0,NA,NA,51.67,30.91,17.42,6.68,5.7,10.3,NA,81.7,84.2,93.1,90.3,NA,NA,NA,NA,4774,54.9,0.01,2.7,70.8,0.11,0.1,NA,NA,362.61488372093,482.479553903346
"273",2021-12-09,46.91,53.47,21.32,28.31,30.61,17.75,146000,189987,132,NA,38.8,31.67,0.0165,0.007923,0.0065,5500,0.0309,0,NA,NA,53.29,25.66,21.05,6.01,5.46,9.08,NA,82.6,85.8,93.7,90.3,NA,NA,NA,NA,NA,45.3,NA,NA,NA,0.11,0.1,NA,NA,458.173630454968,453.681522748375
"274",2021-12-10,47.95,53,19.63,26.79,31.24,19.59,138380,189197,131,75.38,38.8,31.02,0.0172,0.007479,0.0068,6000,0.0315,0,NA,NA,54.7,23.73,21.58,6.01,5.46,9.08,NA,82.6,85.8,93.7,90.3,NA,NA,NA,NA,4764,49.4,0.01,2.7,70.2,0.11,0.1,NA,NA,283.353620955316,458.580893682589
"275",2021-12-11,76.06,56.06,23.94,25.25,0,18.09,230050,304556,211,NA,38.8,37.61,0.019,0.006956,0,NA,0.026,0,NA,NA,73.24,26.76,0,5.96,5.14,4.94,NA,84.7,84.6,89,90.3,NA,NA,NA,NA,NA,NA,NA,NA,NA,0.08,0.1,NA,NA,182.045286506469,449.36876155268
"276",2021-12-12,79.15,57.93,8.56,21.62,12.47,19.87,217620,252753,176,NA,38.8,25.71,0.0292,0.003662,0.0052,NA,0.038,0,NA,NA,76.69,9.63,13.68,5.96,5.14,4.94,NA,84.7,84.6,89,90.3,NA,NA,NA,NA,NA,NA,NA,NA,NA,0.12,0.1,NA,NA,314.013400335008,403.260364842454
"277",2021-12-13,73.83,59.89,4.84,17.52,21.65,22.06,225640,273129,190,64.93,38.8,23.04,0.0301,0.002292,0.01,6000,0.0424,0,NA,NA,71.03,5.4,23.57,5.96,5.14,4.94,NA,84.7,84.6,89,90.3,NA,NA,NA,NA,4640,53.4,0.01,2.8,70.7,0.13,0.11,NA,NA,307.16191799861,420.723419041001
"278",2021-12-14,47.51,59.8,11.06,16.31,39.76,23.26,184140,220718,153,NA,38.8,47.41,0.0107,0.003703,0.0062,5500,0.0206,0,NA,NA,51.98,17.96,30.06,7.43,4.74,9.55,NA,80.2,84.7,94.1,90.3,NA,NA,NA,NA,NA,48.6,NA,NA,NA,0.09,0.11,NA,NA,114.973548861132,474.161645848641
"279",2021-12-15,61.95,61.91,13.79,14.73,23.29,22.72,128360,171010,119,54.72,38.8,26.19,0.0235,0.007756,0.0061,6000,0.0373,0,NA,NA,62.89,20.77,16.34,7.43,4.74,9.55,NA,80.2,84.7,94.1,90.3,NA,NA,NA,NA,4686,63.9,0.01,2.8,69.9,0.14,0.11,NA,NA,339.603896103896,563.417439703154
"280",2021-12-16,76.13,66.08,9.1,12.99,14.88,20.47,143390,178735,124,NA,38.8,24.5,0.0275,0.005276,0.0071,5000,0.0399,0,NA,NA,68.98,13.22,17.79,9.48,5.08,5.75,NA,72.3,84.1,89.7,90.3,NA,NA,NA,NA,NA,47.1,NA,NA,NA,0.16,0.12,NA,NA,412.792424242424,609.515909090909
"281",2021-12-17,71.26,69.41,17.81,12.73,11,17.58,162570,192759,134,48.3,38.8,20.69,0.0294,0.011809,0.006,6300,0.0473,0,NA,NA,62.31,24.99,12.7,9.48,5.08,5.75,NA,72.3,84.1,89.7,90.3,NA,NA,NA,NA,4626,59.2,0.01,2.7,68.9,0.18,0.13,NA,NA,365.568245125348,575.625812441968
"282",2021-12-18,67.36,68.17,27.93,13.3,4.74,18.25,278090,329357,229,NA,38.8,15.8,0.0396,0.019676,0.0026,NA,0.0619,0,NA,NA,64.01,31.79,4.2,6.63,4.88,5.75,NA,73.1,82.9,89.7,90.3,NA,NA,NA,NA,NA,NA,NA,NA,NA,0.18,0.14,NA,NA,310.294717330862,580.443002780352
"283",2021-12-19,64.37,66.06,35.63,17.16,0,16.47,180610,209424,145,NA,38.8,20.68,0.0284,0.018855,0,NA,0.0473,0,NA,NA,60.12,39.88,0,6.63,4.88,5.75,NA,73.1,82.9,89.7,90.3,NA,NA,NA,NA,NA,NA,NA,NA,NA,0.14,0.15,NA,NA,361.704212454212,519.815018315018
"284",2021-12-20,53.33,63.13,31.98,21.04,14.78,15.49,250350,294589,205,63.07,38.8,18.28,0.0271,0.019437,0.007,8500,0.0535,0,NA,NA,50.58,36.34,13.09,6.63,4.88,5.75,NA,73.1,82.9,89.7,90.3,NA,NA,NA,NA,4560,45.9,0.01,2.8,68.2,0.16,0.15,NA,NA,378.063893016345,456.37147102526
"285",2021-12-21,56.43,64.4,26.63,23.27,16.55,12.18,198510,234249,163,NA,38.8,18.82,0.0282,0.016964,0.0068,5500,0.052,0,NA,NA,54.26,32.65,13.09,7.78,5.89,8.14,NA,77.7,80.5,92.4,90.3,NA,NA,NA,NA,NA,55.5,NA,NA,NA,0.19,0.16,NA,NA,414.416741674167,432.571557155716
"286",2021-12-22,66.96,65.12,15.92,23.57,16.73,11.24,243160,280529,195,72.69,38.8,18.49,0.035,0.010626,0.0072,5000,0.0529,0,NA,NA,66.29,20.1,13.62,7.78,5.89,8.14,NA,77.7,80.5,92.4,90.3,NA,NA,NA,NA,4852,57.8,0.01,2.9,68.5,0.2,0.17,NA,NA,497.291666666667,441.852083333333
"287",2021-12-23,51.04,61.54,18.34,24.89,29.07,13.27,364410,411498,286,NA,38.8,23.64,0.0238,0.010176,0.0074,6000,0.0414,0,NA,NA,57.51,24.6,17.89,6.56,5.68,11,NA,82.7,80.2,95.1,90.3,NA,NA,NA,NA,NA,40.9,NA,NA,NA,0.16,0.17,NA,NA,500.101186322401,397.334263782275
"288",2021-12-24,70.39,61.41,19.09,25.08,9.99,13.12,190370,239893,167,NA,38.8,28.47,0.0245,0.007918,0.0019,NA,0.0343,0,NA,NA,71.41,23.06,5.53,6.56,5.68,11,NA,82.7,80.2,95.1,90.3,NA,NA,NA,NA,NA,NA,NA,NA,NA,0.12,0.16,NA,NA,301.168185003504,351.398738612474
"289",2021-12-25,73.55,62.3,26.45,24.86,0,12.45,197090,228917,159,NA,38.8,30.43,0.0225,0.009634,0,NA,0.0321,0,NA,NA,70.01,29.99,0,6.56,5.68,11,NA,82.7,80.2,95.1,90.3,NA,NA,NA,NA,NA,NA,NA,NA,NA,0.11,0.15,NA,NA,82.1739910313901,392.775784753363
"290",2021-12-26,65.93,62.52,34.07,24.64,0,12.45,130410,155502,108,NA,38.8,39.9,0.0152,0.009333,0,NA,0.0245,0,NA,NA,61.91,38.09,0,6.56,5.68,11,NA,82.7,80.2,95.1,90.3,NA,NA,NA,NA,NA,NA,NA,NA,NA,0.08,0.15,NA,NA,360.036221590909,380.712357954545
"291",2021-12-27,44.07,61.2,21.44,23.13,32.75,15.01,125240,150989,105,NA,38.8,25.3,0.0195,0.011279,0.0079,6000,0.0386,0,NA,NA,50.37,29.19,20.44,6.56,5.68,11,NA,82.7,80.2,95.1,90.3,NA,NA,NA,NA,4750,49.5,0.01,2.8,67.9,0.15,0.14,NA,NA,315.30081300813,340.267553584627
"292",2021-12-28,57.39,61.33,28.57,23.41,13.39,14.56,226340,264859,184,NA,38.8,18.61,0.0329,0.016251,0.0034,5500,0.0525,0,NA,NA,62.6,30.93,6.47,5.41,5.47,11.2,NA,82.8,82.5,94.7,90.3,NA,NA,NA,NA,NA,54.6,NA,NA,NA,0.16,0.14,NA,NA,456.605657237937,429.064891846922
"293",2021-12-29,51.98,59.19,19.44,23.91,27.25,16.06,226140,266362,185,69.01,38.8,15.06,0.0405,0.015034,0.0094,6000,0.0649,0,NA,NA,62.37,23.16,14.48,5.41,5.47,11.2,NA,82.8,82.5,94.7,90.3,NA,NA,NA,NA,4636,55.4,0.01,2.9,69.2,0.22,0.14,NA,NA,477.300557880056,429.884239888424
"294",2021-12-30,44.13,58.21,32.32,25.91,22.58,15.14,353510,413558,287,NA,38.8,19.5,0.0279,0.014891,0.0074,6000,0.0501,0,NA,NA,55.55,29.7,14.76,5.63,7.77,9.98,NA,83.1,82.5,94.2,90.3,NA,NA,NA,NA,NA,59.2,NA,NA,NA,0.19,0.15,NA,NA,473.250708215297,468.915722379603
"295",2021-12-31,59.92,56.71,40.08,28.91,0,13.71,168480,200168,139,NA,38.8,21.69,0.0303,0.014787,0,NA,0.0451,0,NA,NA,67.19,32.81,0,5.63,7.77,9.98,NA,83.1,82.5,94.2,90.3,NA,NA,NA,NA,NA,NA,NA,NA,NA,0.15,0.15,NA,NA,423.554539057002,480.794510907811
"296",2022-01-01,64.31,55.39,35.69,30.23,0,13.71,174650,210185,146,NA,38.8,19.86,0.035,0.014188,0,NA,0.0492,0,NA,NA,71.17,28.83,0,5.63,7.77,9.98,NA,83.1,82.5,94.2,90.3,NA,NA,NA,NA,NA,NA,NA,NA,NA,0.16,0.16,NA,NA,377.981625441696,447.555711282411
"297",2022-01-02,64.06,55.12,35.94,30.5,0,13.71,184870,238096,165,NA,38.8,20.73,0.0335,0.0137,0,NA,0.0472,0,NA,NA,70.95,29.05,0,5.63,7.77,9.98,NA,83.1,82.5,94.2,90.3,NA,NA,NA,NA,NA,NA,NA,NA,NA,0.16,0.17,NA,NA,380.514365802383,381.587535014006
"298",2022-01-03,51.25,56.15,24.06,30.87,23.66,12.41,205900,241770,168,51.25,38.8,19.74,0.0313,0.010724,0.0075,5500,0.0495,0,NA,NA,63.2,21.66,15.15,5.63,7.77,9.98,NA,83.1,82.5,94.2,90.3,NA,NA,NA,NA,4702,48.7,0.01,2.8,68.8,0.18,0.18,NA,NA,350.72,348.082105263158
"299",2022-01-04,69.22,57.84,21.87,29.91,9.98,11.92,252390,282447,196,NA,38.8,24.85,0.0233,0.008705,0.0073,NA,0.0394,0,NA,NA,59.33,22.12,18.55,5.7,5.32,2.43,NA,83.5,75.8,80.7,90.3,NA,NA,NA,NA,NA,40.3,NA,NA,NA,0.1,0.17,NA,NA,457.149755073478,465.831350594822
"300",2022-01-05,72.19,60.72,22.49,30.35,5.95,8.88,238450,266393,185,64.83,38.8,19.84,0.0319,0.011716,0.0057,6000,0.0493,0,NA,NA,64.65,23.78,11.57,5.7,5.32,2.43,NA,83.5,75.8,80.7,90.3,NA,NA,NA,NA,5706,55.2,0.01,2.8,68.6,0.13,0.15,NA,NA,392.664315937941,480.480253878702
"301",2022-01-06,60.83,63.11,11.05,27.31,27.1,9.53,242470,268587,187,NA,38.8,17.3,0.0385,0.009033,0.009,5700,0.0565,0,NA,NA,68.1,15.98,15.92,6.36,5.35,11.1,NA,82.7,76.1,93.7,90.3,NA,NA,NA,NA,NA,59.2,NA,NA,NA,0.21,0.16,NA,NA,88.3041057759221,461.982602644398
"302",2022-01-07,77.09,65.56,12.73,23.4,9.81,10.93,286390,307804,214,55.18,38.8,20.4,0.0374,0.007988,0.0025,6300,0.0479,0,NA,NA,78.11,16.67,5.22,6.36,5.35,11.1,NA,82.7,76.1,93.7,90.3,NA,NA,NA,NA,4660,45.8,0.01,2.8,68.7,0.16,0.16,NA,NA,41.0062717770035,534.038327526132
"303",2022-01-08,79.76,67.77,15.71,20.55,4.89,11.63,200090,232550,161,NA,38.8,19.04,0.0386,0.007755,0.005,NA,0.0513,0,NA,NA,75.16,15.1,9.74,5.46,5.67,2.34,NA,81.7,77.1,83.7,90.3,NA,NA,NA,NA,NA,NA,NA,NA,NA,0.14,0.16,NA,NA,101.178821879383,532.985273492286
"304",2022-01-09,77.26,69.66,22.74,18.66,0,11.63,189900,216511,150,NA,38.8,29.78,0.0253,0.007582,0,NA,0.0328,0,NA,NA,76.91,23.09,0,5.46,5.67,2.34,NA,81.7,77.1,83.7,90.3,NA,NA,NA,NA,NA,NA,NA,NA,NA,0.09,0.15,NA,NA,399.333589546503,528.201383551115
"305",2022-01-10,61.93,71.18,28.63,19.32,10.19,9.7,181600,215546,150,70,38.8,27.87,0.0193,0.009097,0.0067,5500,0.0351,0,NA,NA,54.97,25.93,19.1,5.46,5.67,2.34,NA,81.7,77.1,83.7,90.3,NA,NA,NA,NA,4674,49.9,0.01,2.7,68.7,0.09,0.13,NA,NA,301.836213373403,473.970698722765
"306",2022-01-11,51.2,68.61,30.21,20.51,18.5,10.92,226870,271718,189,NA,38.8,25.51,0.0205,0.010608,0.0072,6000,0.0383,0,NA,NA,53.53,27.68,18.79,5.27,6.33,5.06,NA,84.2,80,90.7,90.3,NA,NA,NA,NA,NA,43.4,NA,NA,NA,0.11,0.13,NA,NA,318.25634057971,454.75634057971
"307",2022-01-12,49.42,65.35,30.74,21.69,19.75,12.89,166630,201362,140,61.06,38.8,25.5,0.0198,0.010811,0.0077,6300,0.0383,0,NA,NA,51.73,28.19,20.08,5.27,6.33,5.06,NA,84.2,80,90.7,90.3,NA,NA,NA,NA,4762,42.8,0.01,2.6,68.8,0.11,0.13,NA,NA,315.731910946197,406.78293135436
"308",2022-01-13,62.44,65.59,24.89,23.66,12.73,10.84,180030,223092,155,NA,38.8,24.53,0.025,0.00966,0.0052,5200,0.0399,0,NA,NA,62.72,24.24,13.05,4.84,5.41,4.43,NA,84.3,77.8,89.8,90.3,NA,NA,NA,NA,NA,46.6,NA,NA,NA,0.1,0.12,NA,NA,246.040145985401,416.102189781022
"309",2022-01-14,65.14,63.88,27.13,25.72,7.78,10.55,186570,233769,162,57.31,38.8,27.88,0.023,0.009282,0.0028,6000,0.0351,0,NA,NA,65.55,26.47,7.98,4.84,5.41,4.43,NA,84.3,77.8,89.8,90.3,NA,NA,NA,7.26,4730,60.1,0.01,2.6,68.6,0.09,0.11,NA,NA,233.249537892791,432.906654343808
"310",2022-01-15,58.36,60.82,24.64,27,17.1,12.29,179420,223101,155,NA,38.8,25.25,0.0225,0.010119,0.0061,NA,0.0387,0,NA,NA,58.11,26.14,15.76,4.27,4.46,4.43,NA,86.7,77.9,89.8,90.3,NA,NA,NA,NA,NA,NA,NA,NA,NA,0.09,0.1,NA,NA,238.92850678733,461.666968325792
"311",2022-01-16,69.52,59.72,30.15,28.06,0.33,12.34,190870,228990,159,NA,38.8,29.21,0.0228,0.010546,1e-04,NA,0.0335,0,NA,NA,68.19,31.51,0.3,4.27,4.46,4.43,NA,86.7,77.9,89.8,90.3,NA,NA,NA,NA,NA,NA,NA,NA,NA,0.08,0.1,NA,NA,227.528388278388,340.082417582418
"312",2022-01-17,42.76,56.98,25.45,27.6,31.96,15.45,228450,270435,188,NA,38.8,24.43,0.0172,0.01091,0.0119,NA,0.04,0,NA,NA,43,27.27,29.74,4.27,4.46,4.43,NA,86.7,77.9,89.8,90.3,NA,NA,NA,NA,NA,NA,NA,NA,NA,0.1,0.1,NA,NA,256.970749542962,281.697440585009
"313",2022-01-18,51.34,57,30.12,27.59,18.65,15.47,196440,265663,184,NA,38.8,27.47,0.0181,0.011345,0.0061,6000,0.0356,0,NA,NA,50.99,31.87,17.14,4.27,4.46,4.43,NA,86.7,77.9,89.8,90.3,NA,NA,NA,NA,NA,43.3,NA,NA,NA,0.08,0.09,NA,NA,275.624426078972,276.583103764922
"314",2022-01-19,56.2,57.97,23.9,26.61,20.02,15.51,236280,336200,233,NA,38.8,26.2,0.0209,0.009483,0.0069,5500,0.0373,0,NA,NA,56.09,25.42,18.49,4.27,4.46,4.43,NA,86.7,77.9,89.8,90.3,NA,NA,NA,NA,4822,55.1,0.01,2.6,70.4,0.09,0.09,NA,NA,309.501042390549,274.769979152189
"315",2022-01-20,75.69,59.86,24.31,26.53,0,13.69,267500,334121,232,NA,38.8,31.19,0.0236,0.007728,0,6000,0.0313,0,NA,NA,75.34,24.66,0,4.83,5.41,4.43,NA,88.1,77.2,89.8,90.3,NA,NA,NA,NA,NA,52.2,NA,NA,NA,0.08,0.09,NA,NA,446.353448275862,282.292511700468
"316",2022-01-21,67.05,60.13,24.18,26.11,8.82,13.84,238110,293110,204,NA,38.8,26.7,0.0243,0.008924,0.0034,NA,0.0366,0,NA,NA,66.34,24.37,9.29,4.83,5.41,4.43,NA,88.1,77.2,89.8,90.3,NA,NA,NA,NA,4832,54.7,0.01,NA,NA,0.1,0.09,NA,NA,354.485988791033,233.041633306645
"317",2022-01-22,60.06,60.37,28.59,26.67,11.41,13.03,192890,223337,155,NA,38.8,27.23,0.0213,0.01032,0.0043,NA,0.0359,0,NA,NA,59.28,28.75,11.98,4.83,5.41,4.43,NA,88.1,77.2,89.8,90.3,NA,NA,NA,NA,NA,NA,NA,NA,NA,0.1,0.09,NA,NA,251.926724137931,235.293103448276
"318",2022-01-23,63.98,59.58,35.71,27.47,0.31,13.02,157510,241452,168,NA,38.8,31.68,0.0196,0.011154,1e-04,NA,0.0309,0,NA,NA,63.54,36.14,0.32,4.83,5.41,4.43,NA,88.1,77.2,89.8,90.3,NA,NA,NA,NA,NA,NA,NA,NA,NA,0.08,0.09,NA,NA,331.966055045872,283.5
"319",2022-01-24,NA,62.39,NA,27.8,NA,9.87,NA,NA,NA,NA,NA,NA,NA,NA,NA,NA,NA,0,NA,NA,NA,NA,NA,4.83,5.41,4.43,NA,88.1,77.2,89.8,90.3,NA,NA,NA,NA,NA,NA,NA,NA,NA,NA,0.09,NA,NA,302.84487534626,237.8513388735
"320",2022-01-25,NA,NA,NA,NA,NA,NA,NA,NA,NA,NA,NA,NA,NA,NA,NA,NA,NA,NA,NA,NA,NA,NA,NA,NA,NA,NA,NA,NA,NA,NA,NA,NA,NA,NA,NA,NA,NA,NA,NA,NA,NA,NA,NA,NA,465.913443830571,253.093001841621
"321",2022-01-26,NA,NA,NA,NA,NA,NA,NA,NA,NA,NA,NA,NA,NA,NA,NA,NA,NA,NA,NA,NA,NA,NA,NA,NA,NA,NA,NA,NA,NA,NA,NA,NA,NA,NA,NA,NA,NA,NA,NA,NA,NA,NA,NA,NA,271.709023941068,296.882136279926
"322",2022-01-27,NA,NA,NA,NA,NA,NA,NA,NA,NA,NA,NA,NA,NA,NA,NA,NA,NA,NA,NA,NA,NA,NA,NA,NA,NA,NA,NA,NA,NA,NA,NA,NA,NA,NA,NA,NA,NA,NA,NA,NA,NA,NA,NA,NA,103.487838776928,160.059763724809
"323",2022-01-28,NA,NA,NA,NA,NA,NA,NA,NA,NA,NA,NA,NA,NA,NA,NA,NA,NA,NA,NA,NA,NA,NA,NA,NA,NA,NA,NA,NA,NA,NA,NA,NA,NA,NA,NA,NA,NA,NA,NA,NA,NA,NA,NA,NA,368.806944444444,86.0409722222222
"324",2022-01-29,NA,NA,NA,NA,NA,NA,NA,NA,NA,NA,NA,NA,NA,NA,NA,NA,NA,NA,NA,NA,NA,NA,NA,NA,NA,NA,NA,NA,NA,NA,NA,NA,NA,NA,NA,NA,NA,NA,NA,NA,NA,NA,NA,NA,286.489853044087,100.945833333333
"325",2022-01-30,NA,NA,NA,NA,NA,NA,NA,NA,NA,NA,NA,NA,NA,NA,NA,NA,NA,NA,NA,NA,NA,NA,NA,NA,NA,NA,NA,NA,NA,NA,NA,NA,NA,NA,NA,NA,NA,NA,NA,NA,NA,NA,NA,NA,272.336344683808,80.6361111111111
"326",2022-01-31,NA,NA,NA,NA,NA,NA,NA,NA,NA,NA,NA,NA,NA,NA,NA,NA,NA,NA,NA,NA,NA,NA,NA,NA,NA,NA,NA,NA,NA,NA,NA,NA,NA,NA,NA,NA,NA,NA,NA,NA,NA,NA,NA,NA,225.855547801814,79.168876482903
