"","datetime","PS_primary_flow_total_mgd","AD_primary_sludge_TS_pct","AD_primary_sludge_VS_pct","PS_primary_sludge_TS_load_lbs","PS_primary_sludge_VS_load_lbs","AD_feed_primary_sludge_TS_total_weekly_load_lbs","AD_feed_primary_sludge_VS_total_weekly_load_lbs","PS_primary_sludge_weekly_TS_load_lbs","PS_primary_sludge_weekly_VS_load_lbs","PS_primary_sludge_monthly_TS_load_lbs","AD_twas_flow_total_mgd","AD_twas_TS_pct","AD_twas_VS_pct","AD_twas_TS_load_lbs","AD_twas_VS_load_lbs","thickening_twas_sludge_weekly_TS_load_lbs","thickening_twas_sludge_weekly_VS_load_lbs","AD_waste_provider_TS_pct","AD_waste_provider_VS_pct","AD_FOG_total_MG","AD_slurry_TS_pct","AD_slurry_VS_pct","AD_FOG_VS_load_lbs","AD_FOG_TS_load_lbs","AD_FOG_weekly_TS_load_lbs","AD_FOG_weekly_VS_load_lbs","AD_total_feed_flow_mgd","AD_primary_flow_pct","AD_twas_flow_pct","AD_FOG_flow_pct","daily_ccr_digester","daily_ccr_slurry"
"1",2021-03-12,0.0311,5.22,87.4,13528.09,11823.55,NA,NA,NA,NA,NA,0.01601,7.06,85.7,9426.75,8078.73,NA,NA,NA,NA,0.022,NA,NA,NA,NA,NA,NA,0.0691,44.96,23.17,31.83,339.265432098765,544.026184538653
"2",2021-03-13,0.0221,NA,NA,NA,NA,NA,NA,75129.77,66264.46,NA,0.011814,NA,NA,NA,NA,49890.01,42955.3,NA,NA,0.0083,NA,NA,NA,NA,94272.36,87013.39,0.0422,52.3,27.98,19.66,81,519.865598885794
"3",2021-03-14,0.0227,NA,NA,NA,NA,NA,NA,NA,NA,NA,0.009932,NA,NA,NA,NA,NA,NA,NA,NA,0.0013,NA,NA,NA,NA,NA,NA,0.0339,66.97,29.31,3.84,81,507.140988372093
"4",2021-03-15,0.0253,NA,NA,NA,NA,NA,NA,NA,NA,NA,0.012424,NA,NA,NA,NA,NA,NA,NA,NA,0.0214,NA,NA,NA,NA,NA,NA,0.0591,42.78,21.01,36.19,81,484.965517241379
"5",2021-03-16,0.0238,NA,NA,NA,8841.651,NA,NA,NA,NA,NA,0.011164,NA,NA,NA,NA,NA,NA,NA,NA,0.025,12,96.9,24244.38,25020,NA,NA,0.06,39.61,18.62,41.69,452.842007434944,915.033747779751
"6",2021-03-17,0.0265,NA,NA,NA,NA,NA,NA,NA,NA,NA,0.009899,NA,NA,NA,NA,NA,NA,NA,NA,0.0197,NA,NA,NA,NA,NA,NA,0.056,47.24,17.66,35.15,393.376569037657,1273.09381663113
"7",2021-03-18,0.0216,NA,NA,NA,NA,94696.65,82764.87,NA,NA,NA,0.008342,NA,NA,NA,NA,NA,NA,NA,NA,0.0222,14.7,97.3,26481.9,27216.76,NA,NA,0.0521,41.34,16,42.59,409.210562890896,1416.84655532359
"8",2021-03-19,0.0355,NA,NA,NA,NA,NA,NA,NA,NA,NA,0.008385,NA,NA,NA,NA,NA,NA,NA,NA,0.024,NA,NA,NA,NA,NA,NA,0.0679,52.27,12.35,35.34,454.027139874739,1409.94153846154
"9",2021-03-20,0.0287,NA,NA,NA,NA,NA,NA,NA,NA,NA,0.011556,NA,NA,NA,NA,NA,NA,NA,NA,0.018,NA,NA,NA,NA,146522.12,142272.98,0.0583,49.22,19.83,30.89,670.039610840862,1386.82352941176
"10",2021-03-21,0.0252,NA,NA,NA,NA,NA,NA,NA,NA,NA,0.01259,NA,NA,NA,NA,NA,NA,NA,NA,0.0082,NA,NA,NA,NA,NA,NA,0.0459,54.81,27.4,17.85,569.639777468706,1217.52155771905
"11",2021-03-22,0.025,NA,NA,NA,NA,NA,NA,NA,NA,NA,0.014355,NA,NA,NA,NA,NA,NA,NA,NA,0.0214,NA,NA,NA,NA,NA,NA,0.0607,41.14,23.64,35.24,449.650451702571,1410.18283321703
"12",2021-03-23,0.0318,NA,NA,NA,NA,NA,NA,NA,NA,NA,0.014131,NA,NA,NA,NA,NA,NA,NA,NA,0.017,NA,NA,NA,NA,NA,NA,0.063,50.55,22.44,27,509.424600416956,1519.13732394366
"13",2021-03-24,0.0328,4.42,87.3,12072.88,10539.63,NA,NA,NA,NA,NA,0.016554,6.11,83,8435.49,7001.46,NA,NA,NA,NA,0.0207,16.2,96.2,26904.6,27967.36,NA,NA,0.07,46.75,23.63,29.55,600.839471855455,1557.86414253898
"14",2021-03-25,0.0292,NA,NA,NA,NA,84510.17,73777.38,NA,NA,NA,0.015424,NA,NA,NA,NA,NA,NA,NA,NA,0.0253,NA,NA,NA,NA,NA,NA,0.07,41.78,22.03,36.14,671.415331010453,1554.88348082596
"15",2021-03-26,0.0312,4.31,86.4,11222.4,9696.15,NA,NA,NA,NA,NA,0.016959,5.89,82.5,8330.7,6872.83,NA,NA,NA,NA,0.0112,NA,NA,NA,NA,NA,NA,0.0594,52.58,28.56,18.86,669.207942238267,1425.64456035768
"16",2021-03-27,0.0283,NA,NA,NA,NA,NA,NA,73829.4,64120.83,NA,0.014815,NA,NA,NA,NA,NA,NA,NA,NA,0.0153,NA,NA,NA,NA,160913.63,154798.91,0.0584,48.42,25.36,26.19,592.005555555556,1324.14305555556
"17",2021-03-28,0.0285,NA,NA,NA,NA,NA,NA,NA,NA,NA,0.014537,NA,NA,NA,NA,NA,NA,NA,NA,0.0012,NA,NA,NA,NA,NA,NA,0.0443,64.42,32.81,2.71,608.680584551148,1188.1155184412
"18",2021-03-29,0.0246,NA,NA,NA,NA,NA,NA,NA,NA,NA,0.012136,6.81,86,6892.69,5927.71,NA,NA,NA,NA,0.0223,4.3,93.5,7477.41,7997.23,NA,NA,0.0591,41.68,20.54,37.75,614.375175315568,1336.31767180926
"19",2021-03-30,0.0184,NA,NA,NA,NA,NA,NA,NA,NA,NA,0.01088,NA,NA,NA,NA,NA,NA,NA,NA,0.0129,NA,NA,NA,NA,NA,NA,0.0422,43.61,25.81,30.6,592.413240418118,1343.1637630662
"20",2021-03-31,0.0164,5.6,89.4,7667.91,6855.11,NA,NA,NA,NA,331472.29,0.008125,6.39,84.8,4330.02,3671.86,NA,NA,NA,NA,0.0242,4.87,93,9140.99,9829.02,NA,NA,0.0487,33.69,16.67,49.66,666.662491301322,1412.85803757829
"21",2021-04-01,0.0256,NA,NA,NA,NA,66116.07,57929.41,NA,NA,NA,0.00798,NA,NA,NA,NA,NA,NA,NA,NA,0.0139,NA,NA,NA,NA,NA,NA,0.0474,53.94,16.84,29.33,635.804181184669,1292.59581881533
"22",2021-04-02,0.0218,4.73,89.2,8594.57,7666.35,NA,NA,NA,NA,NA,0.007284,6.09,84.6,3699.59,3129.85,NA,NA,NA,NA,0.0116,4.28,90.3,3739,4140.64,NA,NA,0.0407,53.53,17.9,28.5,519.724808895066,1293.19179986101
"23",2021-04-03,0.0261,NA,NA,NA,NA,NA,NA,69338.77,61919.53,NA,0.007437,NA,NA,NA,NA,NA,NA,NA,NA,0.0107,NA,NA,NA,NA,36194.49,33395.45,0.0443,58.97,16.79,24.15,438.491313412092,1180.30229325921
"24",2021-04-04,0.0179,NA,NA,NA,NA,NA,NA,NA,NA,NA,0.008496,NA,NA,NA,NA,NA,NA,NA,NA,0.0064,NA,NA,NA,NA,NA,NA,0.0328,54.54,25.93,19.53,382.25260960334,1075.97286012526
"25",2021-04-05,0.0161,4.13,89.3,5558.13,4963.41,NA,NA,NA,NA,NA,0.008902,6.69,85.6,4966.84,4251.61,NA,NA,NA,NA,0.0178,8.11,95,11437.48,12039.46,NA,NA,0.0428,37.69,20.79,41.57,295.986101459347,1092.8575399583
"26",2021-04-06,0.0171,NA,NA,NA,NA,NA,NA,NA,NA,NA,0.008747,NA,NA,NA,NA,NA,NA,NA,NA,0.0269,NA,NA,NA,NA,NA,NA,0.0527,32.37,16.6,51.04,353.31843575419,1244.13407821229
"27",2021-04-07,0.0196,NA,NA,NA,NA,NA,NA,NA,NA,NA,0.009058,NA,NA,NA,NA,NA,NA,NA,NA,0.0309,NA,NA,NA,NA,NA,NA,0.0596,32.94,15.21,51.88,503.577622377622,1134.53916083916
"28",2021-04-08,0.0231,NA,NA,NA,NA,49534.43,44204.16,NA,NA,NA,0.009177,NA,NA,NA,NA,NA,NA,NA,NA,0.0343,NA,NA,NA,NA,NA,NA,0.0665,34.67,13.79,51.56,603.717859624739,1205.90896455872
"29",2021-04-09,0.0204,7.22,88.6,12256.88,10859.59,NA,NA,NA,NA,NA,0.009199,4.76,85,3651.86,3104.08,NA,NA,NA,NA,0.0214,2.23,88.4,3518.33,3980.01,NA,NA,0.0509,39.97,18.06,42.02,607.027835768963,802.009046624913
"30",2021-04-10,0.0182,NA,NA,NA,NA,NA,NA,62350.64,55460.9,NA,0.010004,NA,NA,NA,NA,NA,NA,NA,NA,0.0093,NA,NA,NA,NA,63383.17,58122.36,0.0375,48.53,26.65,24.78,432.354412786657,548.726893676164
"31",2021-04-11,0.02,NA,NA,NA,NA,NA,NA,NA,NA,NA,0.010669,NA,NA,NA,NA,NA,NA,NA,NA,0.0034,NA,NA,NA,NA,NA,NA,0.0341,58.66,31.33,9.98,345.954102920723,590.624478442281
"32",2021-04-12,0.0199,4.09,89.5,6800.82,6086.73,NA,NA,NA,NA,NA,0.010709,7.57,86.3,6761,5834.74,NA,NA,NA,NA,0.0089,NA,NA,NA,NA,NA,NA,0.0395,50.43,27.09,22.51,343.277855153203,594.271587743733
"33",2021-04-13,0.0194,NA,NA,NA,NA,NA,NA,NA,NA,NA,0.01276,NA,NA,NA,NA,NA,NA,NA,NA,0.0164,NA,NA,NA,NA,NA,NA,0.0486,40.01,26.27,33.77,513.633891213389,620.145746164575
"34",2021-04-14,0.0208,4.24,89.1,7371.34,6567.87,NA,NA,NA,NA,NA,0.014363,7.43,86.1,8900.21,7663.08,NA,NA,NA,NA,0.0152,2.68,84.4,2867.39,3397.38,NA,NA,0.0504,41.38,28.51,30.18,579.632240055827,623.042568039079
"35",2021-04-15,0.029,NA,NA,NA,NA,61667.76,54866.45,NA,NA,NA,0.015597,NA,NA,NA,NA,NA,NA,NA,NA,0.0211,NA,NA,NA,NA,NA,NA,0.0657,44.17,23.75,32.14,565.344033496162,600.457780879274
"36",2021-04-16,0.0267,4.94,85.8,10991.26,9430.5,NA,NA,NA,NA,NA,0.014306,7.28,85.8,8685.92,7452.52,NA,NA,NA,NA,0.0079,3.26,90.8,1950.28,2147.88,NA,NA,0.0488,54.63,29.29,16.18,420.690592334495,563.383275261324
"37",2021-04-17,0.0278,NA,NA,NA,NA,NA,NA,60061.34,52934.06,NA,0.011616,NA,NA,NA,NA,NA,NA,NA,NA,0.0148,NA,NA,NA,NA,21723.11,12686.3,0.0542,51.29,21.43,27.31,371.046527777778,577.975
"38",2021-04-18,0.0217,NA,NA,NA,NA,NA,NA,NA,NA,NA,0.012467,NA,NA,NA,NA,NA,NA,NA,NA,0.0065,NA,NA,NA,NA,NA,NA,0.0407,53.26,30.67,15.99,365.341446453408,572.755215577191
"39",2021-04-19,0.0189,5.26,87.9,8285.83,7283.24,NA,NA,NA,NA,NA,0.012637,6.67,84.3,7029.69,5926.02,NA,NA,NA,NA,0.0206,5.23,90.9,8167.68,8985.35,NA,NA,0.0521,36.23,24.24,39.52,436.124391938846,598.059763724809
"40",2021-04-20,0.0181,NA,NA,NA,NA,NA,NA,NA,NA,NA,0.011755,NA,NA,NA,NA,NA,NA,NA,NA,0.0243,NA,NA,NA,NA,NA,NA,0.0542,33.46,21.68,44.82,497.885337039611,604.469770674079
"41",2021-04-21,0.0216,3.2,86,5776.9,4968.13,NA,NA,NA,NA,NA,0.010751,5.88,83.8,5272.2,4418.11,NA,NA,NA,NA,0.0013,NA,NA,NA,NA,NA,NA,0.0337,64.19,31.88,3.85,511.372999304106,531.683368128045
"42",2021-04-22,0.023,NA,NA,NA,NA,58459.3,50591.05,NA,NA,NA,0.011155,NA,NA,NA,NA,NA,NA,NA,NA,0.0202,NA,NA,NA,NA,NA,NA,0.0544,42.25,20.52,37.16,448.191370911621,556.077244258873
"43",2021-04-23,0.0222,NA,NA,NA,NA,NA,NA,NA,NA,NA,0.011805,NA,NA,NA,NA,NA,NA,NA,NA,0.0145,NA,NA,NA,NA,NA,NA,0.0485,45.68,24.34,29.9,418.644444444444,555.051388888889
"44",2021-04-24,0.0193,NA,NA,NA,NA,NA,NA,51306.22,44610.75,NA,0.010917,NA,NA,NA,NA,NA,NA,NA,NA,0.0075,NA,NA,NA,NA,41393.67,37626.85,0.0377,51.14,28.93,19.87,273.853472222222,545.475694444444
"45",2021-04-25,0.0174,NA,NA,NA,NA,NA,NA,NA,NA,NA,0.010553,NA,NA,NA,NA,NA,NA,NA,NA,0.0014,NA,NA,NA,NA,NA,NA,0.0293,59.36,36,4.78,233.550382209868,518.236275191105
"46",2021-04-26,0.0204,6.13,89.6,10428.14,9343.62,NA,NA,NA,NA,NA,0.010816,6.8,85.2,6133.97,5226.14,NA,NA,NA,NA,0.0143,17.1,97.8,19945.14,20393.8,NA,NA,0.0456,44.77,23.74,31.39,240.888888888889,548.015277777778
"47",2021-04-27,0.0214,NA,NA,NA,NA,NA,NA,NA,NA,NA,0.011834,NA,NA,NA,NA,NA,NA,NA,NA,0.0177,NA,NA,NA,NA,NA,NA,0.051,42.02,23.22,34.73,279.053621169916,574.24791086351
"48",2021-04-28,0.0223,3.74,NA,6966,NA,NA,NA,NA,NA,NA,0.011492,6.47,NA,6201.06,NA,NA,NA,NA,NA,0.0255,2.5,NA,0,5316.75,NA,NA,0.0593,37.64,19.37,42.97,297.155244755245,599.184615384615
"49",2021-04-29,0.0227,NA,NA,NA,NA,60879.49,65405.32,NA,NA,NA,0.012179,NA,NA,NA,NA,NA,NA,NA,NA,0.0263,NA,NA,NA,NA,NA,NA,0.0612,37.1,19.88,42.94,357.801398601399,582.855944055944
"50",2021-04-30,0.0242,6.78,86.8,NA,NA,NA,NA,NA,NA,254616.98,0.013427,6.1,85.1,6830.85,NA,NA,NA,NA,NA,0.004,5.02,92.4,NA,NA,NA,NA,0.0417,58.15,32.21,9.59,373.566457898399,552.308977035491
"51",2021-05-01,0.0318,NA,NA,NA,NA,NA,NA,65529.08,58714.06,NA,0.012286,NA,NA,NA,NA,44540.82,37926.51,NA,NA,0.0126,NA,NA,NA,NA,69675.58,66261.48,0.0567,56.13,21.66,22.21,327.627519110493,551.330785267547
"52",2021-05-02,0.0188,NA,NA,NA,NA,NA,NA,NA,NA,NA,0.011479,NA,NA,NA,NA,NA,NA,NA,NA,0.0146,NA,NA,NA,NA,NA,NA,0.0449,41.95,25.59,32.55,269.48643006263,559.114822546973
"53",2021-05-03,0.0223,2.56,79.4,4756.26,3776.47,NA,NA,NA,NA,NA,0.011121,5.83,84.4,5407.27,4563.74,NA,NA,NA,NA,0.011,6.54,93.8,5627.81,5999.8,NA,NA,0.0444,50.16,25.04,24.77,253.159833217512,579.001389854065
"54",2021-05-04,0.0237,NA,NA,NA,NA,NA,NA,NA,NA,NA,0.01059,NA,NA,NA,NA,NA,NA,NA,NA,0.0164,NA,NA,NA,NA,NA,NA,0.0506,46.72,20.92,32.4,250.759749303621,674.125348189415
"55",2021-05-05,0.0259,3.93,87.8,8474.15,7440.3,NA,NA,NA,NA,NA,0.012767,6.21,87.3,6612.21,5772.46,NA,NA,NA,NA,0.0188,6.69,94.7,9933.45,10489.38,NA,NA,0.0575,44.99,22.22,32.72,306.15625,693.902083333333
"56",2021-05-06,0.0216,NA,NA,NA,NA,46306.45,39258.72,NA,NA,NA,0.012744,NA,NA,NA,NA,NA,NA,NA,NA,0.0237,NA,NA,NA,NA,NA,NA,0.0581,37.27,21.94,40.8,328.758099352052,684.164146868251
"57",2021-05-07,0.0203,5.24,88.3,8863.2,7826.21,NA,NA,NA,NA,NA,0.011034,5.85,86.2,5383.38,4640.47,NA,NA,NA,NA,0.02,2.01,90.8,3044.23,3352.68,NA,NA,0.0513,39.55,21.52,39,307.898257839721,652.370034843206
"58",2021-05-08,0.0197,NA,NA,NA,NA,NA,NA,49529.64,42182.74,NA,0.010101,NA,NA,NA,NA,39727.99,34152.83,NA,NA,0.0115,NA,NA,NA,NA,49145.95,45754.88,0.0413,47.76,24.43,27.81,271.651388888889,652.113194444444
"59",2021-05-09,0.022,NA,NA,NA,NA,NA,NA,NA,NA,NA,0.011629,NA,NA,NA,NA,NA,NA,NA,NA,0.0025,NA,NA,NA,NA,NA,NA,0.0362,60.97,32.16,6.91,272.824061196106,565.429068150209
"60",2021-05-10,0.0203,7.14,89.5,12072.03,10804.47,NA,NA,NA,NA,NA,0.014324,5.08,84.4,6068.68,5121.96,NA,NA,NA,NA,0.0109,4.44,91.8,3705.26,4036.23,NA,NA,0.0455,44.52,31.45,23.94,246.859331476323,716.17061281337
"61",2021-05-11,0.0183,NA,NA,NA,NA,NA,NA,NA,NA,NA,0.010747,NA,NA,NA,NA,NA,NA,NA,NA,0.0162,NA,NA,NA,NA,NA,NA,0.0452,40.48,23.78,35.85,242.161087866109,732.742498255408
"62",2021-05-12,0.0224,4.1,86.9,7653.93,6651.26,NA,NA,NA,NA,NA,0.010578,4.04,84,3564.11,2993.85,NA,NA,NA,NA,0.0186,10.2,96,15189.74,15822.65,NA,NA,0.0516,43.38,20.5,36.05,260.988795518207,675.133053221288
"63",2021-05-13,0.0247,NA,NA,NA,NA,66708.03,58991.18,NA,NA,NA,0.010544,NA,NA,NA,NA,NA,NA,NA,NA,0.0169,NA,NA,NA,NA,NA,NA,0.0522,47.37,20.21,32.38,338.91504178273,677.453342618384
"64",2021-05-14,0.0178,NA,NA,NA,NA,NA,NA,NA,NA,NA,0.010276,NA,NA,NA,NA,NA,NA,NA,NA,0.0166,NA,NA,NA,NA,NA,NA,0.0447,39.82,22.97,37.11,254.154329608939,603.083100558659
"65",2021-05-15,0.021,NA,NA,NA,NA,NA,NA,68444.35,60367.92,NA,0.010451,NA,NA,NA,NA,29806.99,25097.48,NA,NA,0.0102,NA,NA,NA,NA,56103.85,52681.51,0.0416,50.5,25.1,24.5,224.270629370629,495.994405594406
"66",2021-05-16,0.0221,NA,NA,NA,NA,NA,NA,NA,NA,NA,0.011174,NA,NA,NA,NA,NA,NA,NA,NA,0.0023,NA,NA,NA,NA,NA,NA,0.0355,62.14,31.48,6.48,203.036831132731,430.906879777623
"67",2021-05-17,0.0191,3.81,86.1,6054.64,5213.05,NA,NA,NA,NA,NA,0.011421,3.16,82.8,3009.94,2492.23,NA,NA,NA,NA,0.0172,3.05,87.3,3819.52,4375.16,NA,NA,0.0476,40,23.97,36.1,190.548678720445,569.837969401947
"68",2021-05-18,0.0212,NA,NA,NA,NA,NA,NA,NA,NA,NA,0.011712,NA,NA,NA,NA,NA,NA,NA,NA,0.0194,NA,NA,NA,NA,NA,NA,0.0523,40.57,22.38,37.07,293.143949930459,697.378998609179
"69",2021-05-19,0.0292,4.04,86.4,9826.5,8490.1,NA,NA,NA,NA,NA,0.0114,5.46,85.7,5191.15,4448.82,NA,NA,NA,NA,0.0234,6.51,93,11815.33,12704.66,NA,NA,0.064,45.58,17.82,36.57,446.329853862213,666.951983298539
"70",2021-05-20,0.0193,NA,NA,NA,NA,55583.99,47961,NA,NA,NA,0.009698,NA,NA,NA,NA,NA,NA,NA,NA,0.0264,NA,NA,NA,NA,NA,NA,0.0554,34.9,17.5,47.63,378.230020847811,641.390548992356
"71",2021-05-21,0.0241,5.71,85.9,11478.22,9859.79,NA,NA,NA,NA,NA,0.010527,5.28,85.3,4635.59,3954.15,NA,NA,NA,NA,0.01,7.99,91.9,6123.9,6663.66,NA,NA,0.0446,54.05,23.61,22.43,328.474965229485,589.653685674548
"72",2021-05-22,0.0251,NA,NA,NA,NA,NA,NA,60070.78,51740.96,NA,0.011001,NA,NA,NA,NA,29942.32,25331.21,NA,NA,0.0072,NA,NA,NA,NA,51667.55,46879.69,0.0433,58,25.41,16.63,328.013898540653,688.791521890202
"73",2021-05-23,0.0214,NA,NA,NA,NA,NA,NA,NA,NA,NA,0.010547,NA,NA,NA,NA,NA,NA,NA,NA,0.0102,NA,NA,NA,NA,NA,NA,0.0422,50.81,24.99,24.16,312.338204592902,688.167710508003
"74",2021-05-24,0.0158,4.38,83.3,5775.4,4810.91,NA,NA,NA,NA,NA,0.011338,4.9,84.3,4633.39,3905.95,NA,NA,NA,NA,0.0115,6.98,92.4,6185.73,6694.52,NA,NA,0.0387,40.86,29.31,29.72,277.894444444444,702.914583333333
"75",2021-05-25,0.0201,NA,NA,NA,NA,NA,NA,NA,NA,NA,0.010277,NA,NA,NA,NA,NA,NA,NA,NA,0.015,NA,NA,NA,NA,NA,NA,0.0454,44.3,22.62,33.01,267.448922863099,706.476025017373
"76",2021-05-26,0.0179,4.07,83,NA,NA,NA,NA,NA,NA,NA,0.008907,4.62,83.8,3431.94,2875.96,NA,NA,NA,NA,0.0141,19.6,95.9,NA,NA,NA,NA,0.041,43.8,21.74,34.41,275.936717663421,691.220445062587
"77",2021-05-27,0.0171,NA,NA,NA,NA,60387.69,51347.46,NA,NA,NA,0.009341,NA,NA,NA,NA,NA,NA,NA,NA,0.0224,NA,NA,NA,NA,NA,NA,0.0488,35.02,19.15,45.93,284.564280750521,670.594857539958
"78",2021-05-28,0.0204,NA,NA,NA,NA,NA,NA,NA,NA,NA,0.009788,NA,NA,NA,NA,NA,NA,NA,NA,0.0187,NA,NA,NA,NA,NA,NA,0.0489,41.78,20.03,38.26,325.845031271716,642.020152883947
"79",2021-05-29,0.0204,NA,NA,NA,NA,NA,NA,48877.24,40714.74,NA,0.010404,NA,NA,NA,NA,27968.98,23507.93,NA,NA,0.0214,NA,NA,NA,NA,125580.13,118233.7,0.0522,39.01,19.94,41.01,335.080758426966,668.470505617978
"80",2021-05-30,0.0116,NA,NA,NA,NA,NA,NA,NA,NA,NA,0.010195,NA,NA,NA,NA,NA,NA,NA,NA,0.0034,NA,NA,NA,NA,NA,NA,0.0251,46.08,40.55,13.52,324.374293785311,585.138418079096
"81",2021-05-31,0.0177,NA,NA,NA,NA,NA,NA,NA,NA,246961.42,0.008971,NA,NA,NA,NA,NA,NA,NA,NA,0.0051,NA,NA,NA,NA,NA,NA,0.0318,55.64,28.21,16.04,274.3959638135,604.502435629784
"82",2021-06-01,0.0166,NA,NA,NA,NA,NA,NA,NA,NA,NA,0.008727,NA,NA,NA,NA,NA,NA,NA,NA,0.0225,NA,NA,NA,NA,NA,NA,0.0478,34.65,18.25,47.06,410.640714285714,678.180714285714
"83",2021-06-02,0.0173,2.93,83.5,4227.28,3529.78,NA,NA,NA,NA,NA,0.008876,5.1,83.2,3775.32,3141.06,NA,NA,NA,NA,0.0215,7.76,90.7,12620.41,13914.46,NA,NA,0.0477,36.25,18.6,45.06,461.884937238494,652.892608089261
"84",2021-06-03,0.0206,NA,NA,NA,NA,29590.98,24708.47,NA,NA,NA,0.008006,NA,NA,NA,NA,NA,NA,NA,NA,0.0231,NA,NA,NA,NA,NA,NA,0.0517,39.89,15.47,44.65,440.547801814375,640.966503838102
"85",2021-06-04,0.0182,NA,NA,NA,NA,NA,NA,NA,NA,NA,0.008366,NA,NA,NA,NA,NA,NA,NA,NA,0.0108,NA,NA,NA,NA,NA,NA,0.0374,48.79,22.39,28.9,406.755215577191,590.009735744089
"86",2021-06-05,0.0206,NA,NA,NA,NA,NA,NA,29659.87,24765.99,NA,0.011437,NA,NA,NA,NA,27467.61,22853.05,NA,NA,0.0115,NA,NA,NA,NA,63359.31,57466.9,0.0435,47.34,26.26,26.41,310.562761506276,613.889818688982
"87",2021-06-06,0.0199,NA,NA,NA,NA,NA,NA,NA,NA,NA,0.011295,NA,NA,NA,NA,NA,NA,NA,NA,0.0127,NA,NA,NA,NA,NA,NA,0.0439,45.3,25.75,28.95,270.965229485396,612.032684283727
"88",2021-06-07,0.0222,4.55,86,8408.01,7230.89,NA,NA,NA,NA,NA,0.011354,5.08,82.9,4810.37,3987.8,NA,NA,NA,NA,0.0117,9.44,92.7,8538.93,9211.36,NA,NA,0.0452,48.99,25.1,25.87,332.25348189415,578.784818941504
"89",2021-06-08,0.0219,NA,NA,NA,NA,NA,NA,NA,NA,NA,0.011895,NA,NA,NA,NA,NA,NA,NA,NA,0.0234,NA,NA,NA,NA,NA,NA,0.0572,38.3,20.78,40.88,405.943671766342,565.479137691238
"90",2021-06-09,0.0168,4.16,84.5,5839.93,4934.74,NA,NA,NA,NA,NA,0.011301,5.73,83.7,5400.54,4520.26,NA,NA,NA,NA,0.0267,9.62,93.1,19943.53,21421.62,NA,NA,0.0549,30.67,20.59,48.65,416.080723729993,540.610299234516
"91",2021-06-10,0.0228,NA,NA,NA,NA,49867.78,42579.7,NA,NA,NA,0.010391,NA,NA,NA,NA,NA,NA,NA,NA,0.019,NA,NA,NA,NA,NA,NA,0.0523,43.72,19.88,36.36,409.598885793872,518.095403899721
"92",2021-06-11,0.0206,4.11,85.6,7064.01,6046.79,NA,NA,NA,NA,NA,0.009575,6.02,83.5,4807.3,4014.1,NA,NA,NA,NA,0.0152,4.95,92.1,5779.29,6275.02,NA,NA,0.0454,45.44,21.11,33.51,400.73106323836,492.222376650452
"93",2021-06-12,0.0116,NA,NA,NA,NA,NA,NA,48728.75,41598.11,NA,0.008738,NA,NA,NA,NA,34817.36,29026.08,NA,NA,0.0127,NA,NA,NA,NA,81031.83,75062.48,0.0331,35.16,26.4,38.37,385.813194444444,539.501388888889
"94",2021-06-13,0.0128,NA,NA,NA,NA,NA,NA,NA,NA,NA,0.009493,NA,NA,NA,NA,NA,NA,NA,NA,0.0144,NA,NA,NA,NA,NA,NA,0.0367,34.8,25.9,39.29,364.029881862404,571.824183460737
"95",2021-06-14,0.0231,5.02,84.4,9654.88,8148.71,NA,NA,NA,NA,NA,0.010443,5.74,83.2,4999.23,4159.36,NA,NA,NA,NA,0.0166,7.79,92.8,10008.28,10784.79,NA,NA,0.0501,46.02,20.84,33.12,431.199444058374,656.795691452397
"96",2021-06-15,0.0169,NA,NA,NA,NA,NA,NA,NA,NA,NA,0.010215,NA,NA,NA,NA,NA,NA,NA,NA,0.0164,NA,NA,NA,NA,NA,NA,0.0435,38.92,23.48,37.7,418.182892906815,670.876912378303
"97",2021-06-16,0.023,4.99,85.4,9589.89,8189.77,NA,NA,NA,NA,NA,0.010247,5.55,82.5,4743.03,3913,NA,NA,NA,NA,0.0142,4.54,87.9,4726.06,5376.63,NA,NA,0.0475,48.54,21.58,29.91,414.86327845383,651.214030064424
"98",2021-06-17,0.0231,NA,NA,NA,NA,61387.14,52232.31,NA,NA,NA,0.010532,NA,NA,NA,NA,NA,NA,NA,NA,0.0178,NA,NA,NA,NA,NA,NA,0.0515,44.89,20.46,34.58,385.118055555556,621.550694444444
"99",2021-06-18,0.023,4.25,85,8147.18,6925.11,NA,NA,NA,NA,NA,0.010812,6.85,84.5,6176.79,5219.39,NA,NA,NA,NA,0.0106,5.31,87.5,4107.47,4694.25,NA,NA,0.0444,51.73,24.33,23.86,315.383704735376,617.438718662953
"100",2021-06-19,0.0206,NA,NA,NA,NA,NA,NA,56658.21,48121.71,NA,0.011181,NA,NA,NA,NA,36896.12,30771.36,NA,NA,0.0164,NA,NA,NA,NA,52177.71,46646.87,0.0482,42.78,23.18,34,220.661099512874,651.567849686848
"101",2021-06-20,0.0211,NA,NA,NA,NA,NA,NA,NA,NA,NA,0.010418,NA,NA,NA,NA,NA,NA,NA,NA,0.0039,NA,NA,NA,NA,NA,NA,0.0355,59.57,29.38,11,268.782033426184,500.341225626741
"102",2021-06-21,0.0203,4.96,81.6,8389.12,6845.52,NA,NA,NA,NA,NA,0.010857,6.7,83.6,6066.67,5071.74,NA,NA,NA,NA,0.0153,4.47,92.2,5258.91,5703.81,NA,NA,0.0464,43.71,23.4,32.97,273.404644616467,641.38494018297
"103",2021-06-22,0.0247,NA,NA,NA,NA,NA,NA,NA,NA,NA,0.010835,NA,NA,NA,NA,NA,NA,NA,NA,0.0224,NA,NA,NA,NA,NA,NA,0.0579,42.71,18.7,38.67,314.679692951849,659.048848569435
"104",2021-06-23,0.0296,4.02,82.6,9910.9,8186.4,NA,NA,NA,NA,NA,0.010431,6.76,83.4,5880.83,4904.61,NA,NA,NA,NA,0.0101,9.24,93.7,7292.88,7783.22,NA,NA,0.0501,58.99,20.82,20.16,323.070827489481,634.065217391304
"105",2021-06-24,0.0171,NA,NA,NA,NA,61710.13,51233.07,NA,NA,NA,0.00951,NA,NA,NA,NA,NA,NA,NA,NA,0.02,NA,NA,NA,NA,NA,NA,0.0466,36.68,20.39,42.88,314.699300699301,702.641958041958
"106",2021-06-25,0.0208,5.65,84.4,9788.75,8261.71,NA,NA,NA,NA,NA,0.008436,6.51,83,4580.19,3801.56,NA,NA,NA,NA,0.0089,3.63,90.4,2435.74,2694.4,NA,NA,0.0382,54.45,22.11,23.33,277.649930264993,626.589260808926
"107",2021-06-26,0.0205,NA,NA,NA,NA,NA,NA,62980.46,52189.81,NA,0.010863,NA,NA,NA,NA,39670.6,33058.83,NA,NA,0.0104,NA,NA,NA,NA,43866.73,40401.26,0.0418,49.14,26.01,24.9,209.76429567643,678.981171548117
"108",2021-06-27,0.0209,NA,NA,NA,NA,NA,NA,NA,NA,NA,0.009587,NA,NA,NA,NA,NA,NA,NA,NA,0.0018,NA,NA,NA,NA,NA,NA,0.0324,64.72,29.63,5.56,188.710084033613,495.8081232493
"109",2021-06-28,0.0133,5.25,83.7,5802.68,4856.85,NA,NA,NA,NA,NA,0.007338,6.38,82.5,3904.49,3221.21,NA,NA,NA,NA,0.0083,8.55,93.4,5527.86,5918.48,NA,NA,0.0289,45.82,25.37,28.7,145.700908455625,539.739525139665
"110",2021-06-29,0.0166,NA,NA,NA,NA,NA,NA,NA,NA,NA,0.007483,NA,NA,NA,NA,NA,NA,NA,NA,0.021,NA,NA,NA,NA,NA,NA,0.0451,36.89,16.61,46.6,78.9258741258741,664.78951048951
"111",2021-06-30,0.0187,5.66,85.9,8813.98,7571.21,NA,NA,NA,NA,230887.54,0.007651,6.37,82.5,4064.65,3353.34,NA,NA,NA,NA,0.0222,5.45,89.7,9051.24,10090.57,NA,NA,0.0486,38.46,15.76,45.72,79.4653603918824,630.449965010497
"112",2021-07-01,0.0194,NA,NA,NA,NA,56945.97,48276.11,NA,NA,NA,0.007579,NA,NA,NA,NA,NA,NA,NA,NA,0.0283,NA,NA,NA,NA,NA,NA,0.0552,35.04,13.72,51.24,91.2007092198582,645.758156028369
"113",2021-07-02,0.015,3.21,NA,4014.04,NA,NA,NA,NA,NA,NA,0.0082,6.32,82.3,4322.12,3557.11,NA,NA,NA,NA,0.0054,11.8,95.7,5085.74,5314.25,NA,NA,0.0286,52.44,28.68,18.89,97.1870604781997,507.488748241913
"114",2021-07-03,0.0132,NA,NA,NA,NA,NA,NA,46208.72,39185,NA,0.009728,NA,NA,NA,NA,30566.39,25196.9,NA,NA,0,NA,NA,NA,NA,62399.88,57990.29,0.0229,57.6,42.41,0,92.4950911640954,277.408835904628
"115",2021-07-04,0.0274,NA,NA,NA,NA,NA,NA,NA,NA,NA,0.010811,NA,NA,NA,NA,NA,NA,NA,NA,0,NA,NA,NA,NA,NA,NA,0.0382,71.68,28.32,0,80.1571929824561,242.790175438596
"116",2021-07-05,0.0277,NA,NA,NA,NA,NA,NA,NA,NA,NA,0.007731,NA,NA,NA,NA,NA,NA,NA,NA,0.0064,NA,NA,NA,NA,NA,NA,0.0418,66.19,18.5,15.31,69.5724233983287,332.900417827298
"117",2021-07-06,0.0315,NA,NA,NA,NA,NA,NA,NA,NA,NA,0.007652,NA,NA,NA,NA,NA,NA,NA,NA,0.0026,NA,NA,NA,NA,NA,NA,0.0417,75.43,18.34,6.23,71.2427253371185,123.935415188077
"118",2021-07-07,0.0306,3.62,82.5,9231.11,7615.67,NA,NA,NA,NA,NA,0.010852,6.06,81.7,5484.64,4480.95,NA,NA,NA,NA,0,NA,NA,NA,NA,NA,NA,0.0414,73.81,26.19,0,71.3945530726257,92.5614525139665
"119",2021-07-08,0.0311,NA,NA,NA,NA,46358.01,53309.67,NA,NA,NA,0.010593,NA,NA,NA,NA,NA,NA,NA,NA,0.0021,NA,NA,NA,NA,NA,NA,0.0438,71.04,24.17,4.79,66.2413073713491,104.84561891516
"120",2021-07-09,0.0208,4.04,83.5,7005.16,5849.31,NA,NA,NA,NA,NA,0.009455,5.71,81.1,4502.6,3651.61,NA,NA,NA,NA,0.008,NA,NA,NA,NA,NA,NA,0.0382,54.36,24.72,20.92,80.47171145686,125.099717114569
"121",2021-07-10,0.0169,NA,NA,NA,NA,NA,NA,58917.84,48901.81,NA,0.009243,NA,NA,NA,NA,32641.78,26570.41,NA,NA,0.006,NA,NA,NA,NA,NA,NA,0.0322,52.62,28.73,18.65,78.2671863926293,69.2048192771084
"122",2021-07-11,0.0245,NA,NA,NA,NA,NA,NA,NA,NA,NA,0.009906,NA,NA,NA,NA,NA,NA,NA,NA,0,NA,NA,NA,NA,NA,NA,0.0345,71.25,28.75,0,69.965034965035,69.9804195804196
"123",2021-07-12,0.0272,4.94,85.1,11188.65,9521.54,NA,NA,NA,NA,NA,0.009071,6.13,83.1,4637.48,3853.74,NA,NA,NA,NA,0.0044,NA,NA,NA,NA,NA,NA,0.0406,66.84,22.33,10.83,68.345213137666,160.621942697414
"124",2021-07-13,0.023,NA,NA,NA,NA,NA,NA,NA,NA,NA,0.008945,NA,NA,NA,NA,NA,NA,NA,NA,0.0044,NA,NA,NA,NA,NA,NA,0.0364,63.3,24.6,12.1,63.3182135380321,152.018143754361
"125",2021-07-14,0.0225,4.25,85.2,7958,6780.22,NA,NA,NA,NA,NA,0.009776,6.47,84.3,5275.11,4446.92,NA,NA,NA,NA,0.0055,6.74,89.2,2757.74,3091.64,NA,NA,0.0377,59.51,25.91,14.58,65.9394993045897,188.305072967338
"126",2021-07-15,0.0222,NA,NA,NA,NA,61020.9,51685.83,NA,NA,NA,0.009461,NA,NA,NA,NA,NA,NA,NA,NA,0.0048,NA,NA,NA,NA,NA,NA,0.0365,60.92,25.92,13.15,62.4076655052265,177.773519163763
"127",2021-07-16,0.0187,2.93,80.3,4563.15,3664.21,NA,NA,NA,NA,NA,0.008111,6.78,84.4,4586.38,3870.91,NA,NA,NA,NA,0.0023,6.9,89,1177.97,1323.56,NA,NA,0.0291,64.2,27.89,7.91,60.6916666666667,170.552083333333
"128",2021-07-17,0.0187,NA,NA,NA,NA,NA,NA,52727.81,44045.29,NA,0.00709,NA,NA,NA,NA,33632,28228.45,NA,NA,0.0058,NA,NA,NA,NA,15471.03,13784.69,0.0316,59.16,22.47,18.38,63.9479166666667,149.134027777778
"129",2021-07-18,0.0163,NA,NA,NA,NA,NA,NA,NA,NA,NA,0.007966,NA,NA,NA,NA,NA,NA,NA,NA,0.0021,NA,NA,NA,NA,NA,NA,0.0263,61.78,30.25,7.97,63.2753515914138,159.984455958549
"130",2021-07-19,0.0151,2.84,81.1,3579.79,2903.21,NA,NA,NA,NA,NA,0.009451,5.67,83.2,4469.17,3718.35,NA,NA,NA,NA,0.0038,NA,NA,NA,NA,NA,NA,0.0284,53.28,33.32,13.4,75.1459170013387,241.360107095047
"131",2021-07-20,0.0191,NA,NA,NA,NA,NA,NA,NA,NA,NA,0.010689,NA,NA,NA,NA,NA,NA,NA,NA,0.0053,NA,NA,NA,NA,NA,NA,0.0351,54.46,30.44,15.09,74.843954248366,274.099673202614
"132",2021-07-21,0.0134,3.06,81.2,3426.7,2782.48,NA,NA,NA,NA,NA,0.009722,6.89,85.1,5586.51,4754.12,NA,NA,NA,NA,0,NA,NA,NA,NA,NA,NA,0.0231,58,42,0,80.3691215616682,236.574977817214
"133",2021-07-22,0.0183,NA,NA,NA,NA,26995.83,21816.44,NA,NA,NA,0.008463,NA,NA,NA,NA,NA,NA,NA,NA,0.0052,NA,NA,NA,NA,NA,NA,0.032,57.24,26.48,16.27,71.656862745098,170.054367201426
"134",2021-07-23,0.0143,3.46,80.4,4140.2,3328.72,NA,NA,NA,NA,NA,0.009432,8.08,86,6355.96,5466.13,NA,NA,NA,NA,5e-04,10.5,89.5,391.88,437.85,NA,NA,0.0243,59.09,38.85,2.06,68.4145873320537,89.3080614203455
"135",2021-07-24,0.0174,NA,NA,NA,NA,NA,NA,29788.64,24099.01,NA,0.012314,NA,NA,NA,NA,39152.57,33188.33,NA,NA,0,NA,NA,NA,NA,14799.33,13245.4,0.0297,58.58,41.42,0,65.8929663608563,64.4791029561672
"136",2021-07-25,0.0215,NA,NA,NA,NA,NA,NA,NA,NA,NA,0.010662,NA,NA,NA,NA,NA,NA,NA,NA,0,NA,NA,NA,NA,NA,NA,0.0322,66.88,33.12,0,67.7895470383275,53.816724738676
"137",2021-07-26,0.0199,3.11,78.9,5162.36,4073.1,NA,NA,NA,NA,NA,0.008725,6.86,84.9,4991.78,4238.02,NA,NA,NA,NA,0,NA,NA,NA,NA,NA,NA,0.0286,69.52,30.48,0,71.2169349195241,48.149055283415
"138",2021-07-27,0.0146,NA,NA,NA,NA,NA,NA,NA,NA,NA,0.008714,NA,NA,NA,NA,NA,NA,3.4,84.5,0.0059,NA,NA,NA,NA,NA,NA,0.0337,43.24,25.88,17.52,71.3528581510233,52.5546930134086
"139",2021-07-28,0.0162,3.11,79.9,4205.51,3360.2,NA,NA,NA,NA,NA,0.008368,7.49,84.7,5227.21,4427.44,NA,NA,NA,NA,0.0044,6.02,85.3,1884.36,2209.1,NA,NA,0.029,55.95,28.87,15.18,77.552688172043,62.1463414634146
"140",2021-07-29,0.0196,NA,NA,NA,NA,31518.83,25111.39,NA,NA,NA,0.007733,NA,NA,NA,NA,NA,NA,NA,NA,2e-04,NA,NA,NA,NA,NA,NA,0.0276,71.23,28.05,0.73,72.9086839749329,56.4637421665175
"141",2021-07-30,0.0173,3.1,80.5,4459.96,3590.27,NA,NA,NA,NA,NA,0.008737,7.34,84.2,5348.41,4503.36,NA,NA,12.3,80.9,0.0093,5.16,85.8,NA,NA,NA,NA,0.0398,43.36,21.96,23.37,68.6011477761836,60.7826398852224
"142",2021-07-31,0.0191,NA,NA,NA,NA,NA,NA,33148.55,26441.49,182847.63,0.009939,NA,NA,NA,NA,37931.78,32090.29,NA,NA,0.0167,NA,NA,NA,NA,18325.48,15631.64,0.0458,41.79,21.72,36.49,70.0960170697013,64.7453769559033
"143",2021-08-01,0.0249,NA,NA,NA,NA,NA,NA,NA,NA,NA,0.008354,NA,NA,NA,NA,NA,NA,NA,NA,0.0064,NA,NA,NA,NA,NA,NA,0.0396,62.77,21.08,16.15,76.3013798111837,47.4720406681191
"144",2021-08-02,0.0157,5.87,84.7,7668.88,6495.54,NA,NA,NA,NA,NA,0.008074,7.33,83.9,4935.81,4141.15,NA,NA,NA,NA,0.0053,8.73,85.7,3307.02,3858.83,NA,NA,0.029,53.94,27.8,18.25,79.0879274249826,34.8358938547486
"145",2021-08-03,0.0245,NA,NA,NA,NA,NA,NA,NA,NA,NA,0.007581,NA,NA,NA,NA,NA,NA,NA,NA,0.0068,NA,NA,NA,NA,NA,NA,0.0389,63,19.5,17.49,75.592776203966,30.0354107648725
"146",2021-08-04,0.0198,5.14,83.4,8502.63,7091.19,NA,NA,NA,NA,NA,0.008126,6.92,84.2,4689.74,3948.76,NA,NA,NA,NA,0.0115,6.07,83.5,4861.15,5821.74,NA,NA,0.0395,50.26,20.59,29.14,75.9380281690141,34.9507042253521
"147",2021-08-05,0.0212,NA,NA,NA,NA,48140.11,40079.68,NA,NA,NA,0.008523,NA,NA,NA,NA,NA,NA,NA,NA,0.0075,NA,NA,NA,NA,NA,NA,0.0372,56.92,22.92,20.17,53.8294270833333,37.2708333333333
"148",2021-08-06,0.019,2.58,81.1,4086.46,3314.12,NA,NA,NA,NA,NA,0.008874,7.04,83.8,5210.24,4366.19,NA,NA,NA,NA,0.0133,2.76,85.5,2617.54,3061.45,NA,NA,0.0412,46.13,21.56,32.31,179.778501628664,48.2068403908795
"149",2021-08-07,0.0197,NA,NA,NA,NA,NA,NA,54717.62,45452.1,NA,0.00948,NA,NA,NA,NA,34779.31,29203.03,NA,NA,8e-04,NA,NA,NA,NA,25189.47,21385.86,0.03,65.72,31.61,2.67,244.776928422516,52.1382904794997
"150",2021-08-08,0.0127,NA,NA,NA,NA,NA,NA,NA,NA,NA,0.008747,NA,NA,NA,NA,NA,NA,NA,NA,1e-04,NA,NA,NA,NA,NA,NA,0.0216,59.01,40.53,0.46,237.988194444444,103.957638888889
"151",2021-08-09,0.0105,7.42,84.7,6511.98,5515.65,NA,NA,NA,NA,NA,0.010305,5.79,82.7,4976.14,4115.27,NA,NA,NA,NA,0.0074,8.27,90.3,4608.83,5103.91,NA,NA,0.0282,37.28,36.51,26.22,260.628214037526,150.970118137596
"152",2021-08-10,0.0179,NA,NA,NA,NA,NA,NA,NA,NA,NA,0.00897,NA,NA,NA,NA,NA,NA,NA,NA,0.0112,NA,NA,NA,NA,NA,NA,0.0381,47.07,23.54,29.39,309.983122362869,174.833333333333
"153",2021-08-11,0.0224,5.93,84.1,11092.55,9328.84,NA,NA,NA,NA,NA,0.010077,5.41,81.8,4546.68,3719.19,NA,NA,NA,NA,0.0089,5.29,88.5,3475,3926.56,NA,NA,0.0414,54.17,24.34,21.49,291.451505016722,220.190635451505
"154",2021-08-12,0.0258,NA,NA,NA,NA,50612.34,42370.09,NA,NA,NA,0.008585,NA,NA,NA,NA,NA,NA,NA,NA,0.0095,NA,NA,NA,NA,NA,NA,0.0438,58.75,19.58,21.67,223.469964664311,257.783274440518
"155",2021-08-13,0.0222,3.73,82.5,NA,NA,NA,NA,NA,NA,NA,0.011849,6.53,82.7,NA,NA,NA,NA,10.6,86.8,0.0118,3.56,85.7,3002.47,3503.47,NA,NA,0.0459,48.48,25.82,25.71,253.902978723404,294.791489361702
"156",2021-08-14,0.0208,NA,NA,NA,NA,NA,NA,73426.4,61971.88,NA,0.009692,NA,NA,NA,NA,33570.79,27662.33,NA,NA,0.01,NA,NA,NA,NA,28032.63,24715.44,0.0405,51.33,23.96,24.72,242.542361111111,293.989583333333
"157",2021-08-15,0.0151,NA,NA,NA,NA,NA,NA,NA,NA,NA,0.009021,NA,NA,NA,NA,NA,NA,NA,NA,0.0037,NA,NA,NA,NA,NA,NA,0.0278,54.3,32.41,13.29,205.142460041696,344.196664350243
"158",2021-08-16,0.0235,6.5,85.9,12750.9,10953.02,NA,NA,NA,NA,NA,0.008572,4.5,82.9,3217.07,2666.95,NA,NA,NA,NA,0.0062,2.25,83,965.65,1163.43,NA,NA,0.0383,61.42,22.39,16.19,206.325694444444,385.3
"159",2021-08-17,0.025,NA,NA,NA,NA,NA,NA,NA,NA,NA,0.010752,NA,NA,NA,NA,NA,NA,13.9,90.5,0.0073,NA,NA,NA,NA,NA,NA,0.0431,58.11,24.95,16.94,213.474442044636,403.066954643628
"160",2021-08-18,0.0221,5.96,85.1,10991.37,9353.66,NA,NA,NA,NA,NA,0.012202,6.68,84.5,6797.88,5744.21,NA,NA,NA,NA,0.0088,2.63,83.2,1605.93,1930.21,NA,NA,0.0431,51.29,28.3,20.41,225.934027777778,423.460416666667
"161",2021-08-19,0.0218,NA,NA,NA,NA,83097.95,71073.38,NA,NA,NA,0.014075,NA,NA,NA,NA,NA,NA,NA,NA,0.0081,NA,NA,NA,NA,NA,NA,0.044,49.59,32,18.41,224.101813110181,456.378661087866
"162",2021-08-20,0.0238,5.61,81,11112.01,9000.73,NA,NA,NA,NA,NA,0.010723,2.64,81,2360.95,1912.37,NA,NA,6.62,87,0.004,9.03,90.1,2714.18,3012.41,NA,NA,0.0385,61.73,27.87,10.4,200.084722222222,417.368055555556
"163",2021-08-21,0.0296,NA,NA,NA,NA,NA,NA,81005.65,68044.75,NA,0.008809,NA,NA,NA,NA,28448.44,23555.31,NA,NA,0.0116,NA,NA,NA,NA,19218.89,16419.34,0.05,59.22,17.6,23.18,227.873611111111,355.911805555556
"164",2021-08-22,0.013,NA,NA,NA,NA,NA,NA,NA,NA,NA,0.008582,NA,NA,NA,NA,NA,NA,NA,NA,0.0033,NA,NA,NA,NA,NA,NA,0.0249,52.2,34.53,13.28,212.190277777778,448.533333333333
"165",2021-08-23,0.0193,4.3,80.5,NA,NA,NA,NA,NA,NA,NA,0.00706,6.29,82.9,NA,NA,NA,NA,5.36,84.2,0.0106,8.23,90.5,NA,NA,NA,NA,0.037,52.25,19.09,28.66,233.879861111111,454.448611111111
"166",2021-08-24,0.0207,NA,NA,NA,NA,NA,NA,NA,NA,NA,0.006468,NA,NA,NA,NA,NA,NA,NA,NA,0.0075,NA,NA,NA,NA,NA,NA,0.0346,59.69,18.67,21.65,237.31875,492.08125
"167",2021-08-25,0.0221,6.33,84.2,11652.24,9811.19,NA,NA,NA,NA,NA,0.006407,7.53,83.9,4023.61,3375.81,NA,NA,8.56,88.7,0.0061,6,88.8,2710.57,3052.44,NA,NA,0.0346,63.83,18.53,17.64,241.526096033403,479.322894919972
"168",2021-08-26,0.02,NA,NA,NA,NA,79674.88,65841.7,NA,NA,NA,0.00633,NA,NA,NA,NA,NA,NA,NA,NA,0.0059,NA,NA,NA,NA,NA,NA,0.0322,62.07,19.63,18.3,227.705555555556,478.027777777778
"169",2021-08-27,0.0173,2.67,82.2,3847.73,3162.84,NA,NA,NA,NA,NA,0.006741,4.86,81.2,2732.29,2218.62,NA,NA,NA,NA,0.0061,5.15,87.4,2289.89,2620.01,NA,NA,0.0301,57.37,22.38,20.25,239.368055555556,495.467361111111
"170",2021-08-28,0.0162,NA,NA,NA,NA,NA,NA,48242.12,40137.44,NA,0.00874,NA,NA,NA,NA,26163.51,21628.5,NA,NA,0.0123,NA,NA,NA,NA,27907.98,24810.19,0.0372,43.5,23.47,33.03,239.374216027875,483.455052264808
"171",2021-08-29,0.0252,NA,NA,NA,NA,NA,NA,NA,NA,NA,0.009126,NA,NA,NA,NA,NA,NA,NA,NA,2e-04,NA,NA,NA,NA,NA,NA,0.0345,72.99,26.43,0.58,232.895723930983,479.075018754689
"172",2021-08-30,0.0153,5.81,86.8,7396.19,6419.89,NA,NA,NA,NA,NA,0.008913,4.84,81.1,3597.79,2917.8,NA,NA,15.7,92.9,0.0134,3.78,86.8,3666.76,4224.38,NA,NA,0.0376,40.62,23.72,35.66,219.387867647059,503.815426997245
"173",2021-08-31,0.0254,NA,NA,NA,NA,NA,NA,NA,NA,286777.94,0.008818,NA,NA,NA,NA,NA,NA,NA,NA,0.0044,NA,NA,NA,NA,NA,NA,0.0386,65.77,22.83,11.39,224.653846153846,523.122177954847
"174",2021-09-01,0.0221,6.18,85.7,11411.92,9780.02,NA,NA,NA,NA,NA,0.008484,4.89,80.6,3460,2788.76,NA,NA,12.8,88.8,0.012,8.33,88.2,7352.94,8336.66,NA,NA,0.0471,46.98,18,25.46,267.849256900212,538.412597310686
"175",2021-09-02,0.0249,NA,NA,NA,NA,52863.63,45179.74,NA,NA,NA,0.010659,NA,NA,NA,NA,NA,NA,NA,NA,0.0043,NA,NA,NA,NA,NA,NA,0.0399,62.46,26.75,10.79,261.680573663625,568.705345501956
"176",2021-09-03,0.0308,3.84,74.5,9867.71,7351.44,NA,NA,NA,NA,NA,0.009077,5.37,83.9,4065.21,3410.71,NA,NA,9.81,88.5,0.004,6.6,89,1959.57,2201.76,NA,NA,0.0484,63.68,18.76,8.27,264.037526059764,530.619179986101
"177",2021-09-04,0.0283,NA,NA,NA,NA,NA,NA,75561.06,62211.94,NA,0.006883,NA,NA,NA,NA,26009.57,21293.17,NA,NA,0.0115,NA,NA,NA,NA,25902.87,22794.53,0.0467,60.63,14.74,24.63,262.489909533751,541.89422407794
"178",2021-09-05,0.0185,NA,NA,NA,NA,NA,NA,NA,NA,NA,0.006897,NA,NA,NA,NA,NA,NA,NA,NA,2e-04,NA,NA,NA,NA,NA,NA,0.0256,72.29,26.93,0.78,207.950625869263,513.49652294854
"179",2021-09-06,0.0202,NA,NA,NA,NA,NA,NA,NA,NA,NA,0.006825,NA,NA,NA,NA,NA,NA,NA,NA,0.0085,NA,NA,NA,NA,NA,NA,0.0355,56.89,19.2,23.91,209.904662491301,544.145441892832
"180",2021-09-07,0.0211,NA,NA,NA,NA,NA,NA,NA,NA,NA,0.007623,NA,NA,NA,NA,NA,NA,NA,NA,0.0081,NA,NA,NA,NA,NA,NA,0.0368,57.33,20.69,21.98,245.907381615599,562.410167130919
"181",2021-09-08,0.0222,2.92,81.7,5412.53,4422.04,NA,NA,NA,NA,NA,0.00964,5.34,83.4,4293.23,3580.56,NA,NA,10.8,87.7,0.0073,7.58,88.7,4093.38,4614.86,NA,NA,0.0392,56.75,24.61,18.64,256.310416666667,578.556944444444
"182",2021-09-09,0.0228,NA,NA,NA,NA,53480.83,41207.17,NA,NA,NA,0.007682,NA,NA,NA,NA,NA,NA,NA,NA,0.0077,NA,NA,NA,NA,NA,NA,0.0381,59.67,20.14,20.19,244.37595552467,562.330785267547
"183",2021-09-10,0.0198,4.2,76,6947.49,5280.09,NA,NA,NA,NA,NA,0.007224,5.5,84.8,3313.65,2809.97,NA,NA,NA,NA,0.0038,5.39,88.2,1506.63,1708.2,NA,NA,0.0309,64.28,23.41,12.31,229.394681595521,531.545136459062
"184",2021-09-11,0.0177,NA,NA,NA,NA,NA,NA,42161.07,33244,NA,0.006965,NA,NA,NA,NA,23804.23,20019.36,NA,NA,0.012,NA,NA,NA,NA,25744.41,22770.93,0.0367,48.31,18.98,32.71,244.45,571.978472222222
"185",2021-09-12,0.0164,NA,NA,NA,NA,NA,NA,NA,NA,NA,0.006229,NA,NA,NA,NA,NA,NA,NA,NA,3e-04,NA,NA,NA,NA,NA,NA,0.0229,71.49,27.2,1.31,213.108333333333,508.027083333333
"186",2021-09-13,0.0171,8.13,84.9,11624.73,9869.39,NA,NA,NA,NA,NA,0.006263,6.37,84,3327.27,2794.91,NA,NA,7.03,87,0.0083,4.31,85.1,2538.93,2983.47,NA,NA,0.0317,54.07,19.75,26.18,230.031988873435,548.094575799722
"187",2021-09-14,0.019,NA,NA,NA,NA,NA,NA,NA,NA,NA,0.007462,NA,NA,NA,NA,NA,NA,NA,NA,0.0075,NA,NA,NA,NA,NA,NA,0.034,55.97,21.96,22.07,247.513966480447,559.655027932961
"188",2021-09-15,0.0237,9.76,84,19328.01,16235.53,NA,NA,NA,NA,NA,0.010854,5.96,82.9,5395.13,4472.56,NA,NA,NA,NA,0.0076,4.17,86.6,2288.94,2643.11,NA,NA,0.0422,56.27,25.72,18.01,271.54347826087,565.136645962733
"189",2021-09-16,0.0181,NA,NA,NA,NA,88433.86,73231.7,NA,NA,NA,0.008178,NA,NA,NA,NA,NA,NA,NA,NA,0.007,5.64,88.1,2900.81,3292.63,NA,NA,0.0333,54.45,24.54,21.01,222.689419795222,532.692832764505
"190",2021-09-17,0.0192,6.23,84.4,9994.38,8435.25,NA,NA,NA,NA,NA,0.007444,5.95,83,3693.94,3065.97,NA,NA,9.06,89.6,0.0038,4.18,87.8,1163.11,1324.73,NA,NA,0.0305,63.11,24.42,12.47,213.018881626725,531.122004357298
"191",2021-09-18,0.0207,NA,NA,NA,NA,NA,NA,90049.05,76031.41,NA,0.009369,NA,NA,NA,NA,28542.3,23775.74,NA,NA,0.007,NA,NA,NA,NA,15834.53,13760.21,0.0371,55.9,25.24,18.86,240.253401360544,577.395229982964
"192",2021-09-19,0.0121,NA,NA,NA,NA,NA,NA,NA,NA,NA,0.005312,NA,NA,NA,NA,NA,NA,NA,NA,0.0033,NA,NA,NA,NA,NA,NA,0.0207,58.43,25.64,15.93,246.482164821648,566.554735547355
"193",2021-09-20,0.0163,7.99,85.1,10864.55,9245.73,NA,NA,NA,NA,NA,0.007704,6,83,3855.08,3199.72,NA,NA,9.48,91.7,0.0105,7.55,89,5884.27,6611.54,NA,NA,0.0345,47.25,22.33,30.43,304.914583333333,585.216666666667
"194",2021-09-21,0.0224,NA,NA,NA,NA,NA,NA,NA,NA,NA,0.00775,NA,NA,NA,NA,NA,NA,NA,NA,0.0076,NA,NA,NA,NA,NA,NA,0.0377,59.31,20.54,20.14,364.415972222222,583.392361111111
"195",2021-09-22,0.0164,6.65,85.8,9119.17,7824.24,NA,NA,NA,NA,NA,0.007261,5.95,82.3,3603.13,2965.37,NA,NA,NA,NA,0.0073,7.82,92.2,4389.62,4760.97,NA,NA,0.031,53.03,23.42,23.55,328.285714285714,589.686411149826
"196",2021-09-23,0.0167,NA,NA,NA,NA,69948.88,59512.2,NA,NA,NA,0.007668,NA,NA,NA,NA,NA,NA,NA,NA,0.0075,NA,NA,NA,NA,NA,NA,0.0319,52.45,24.04,23.51,295.570815450644,616.56652360515
"197",2021-09-24,0.0243,5.01,84.1,10149.18,8535.46,NA,NA,NA,NA,NA,0.007836,5.38,83.5,3515.95,2935.82,NA,NA,8.83,89.4,0.0082,6.42,91.4,4012.93,4390.51,NA,NA,0.0403,60.23,19.43,20.33,311.480194579569,576.103544127867
"198",2021-09-25,0.0187,NA,NA,NA,NA,NA,NA,69507.28,59081.19,NA,0.006931,NA,NA,NA,NA,24409.48,20243.59,NA,NA,0.0069,NA,NA,NA,NA,31075.59,28237.35,0.0325,57.44,21.33,21.23,243.074305555556,570.408333333333
"199",2021-09-26,0.0106,NA,NA,NA,NA,NA,NA,NA,NA,NA,0.007195,NA,NA,NA,NA,NA,NA,NA,NA,0.0034,NA,NA,NA,NA,NA,NA,0.0212,50.01,33.95,16.04,251.737991266376,615.301310043668
"200",2021-09-27,0.0163,5.06,86.6,6896.79,5972.62,NA,NA,NA,NA,NA,0.007117,5.37,83.3,3187.41,2655.11,NA,NA,8.72,89.4,0.0088,6.13,90.3,4062.53,4498.93,NA,NA,0.0323,50.66,22.06,27.28,271.327160493827,630.292592592593
"201",2021-09-28,0.0148,NA,NA,NA,NA,NA,NA,NA,NA,NA,0.008413,NA,NA,NA,NA,NA,NA,NA,NA,0.0064,NA,NA,NA,NA,NA,NA,0.0297,50.04,28.37,21.58,260.433240611961,553.153685674548
"202",2021-09-29,0.0201,6.25,85.7,10499.18,8997.8,NA,NA,NA,NA,NA,0.010096,5.1,83.4,4294.23,3581.39,NA,NA,9.32,89.6,0.0117,5,87.6,4273.92,4878.9,NA,NA,0.0419,48.03,24.07,27.9,293.240972222222,531.304166666667
"203",2021-09-30,0.0168,NA,NA,NA,NA,64272.01,54847.05,NA,NA,295786.62,0.008171,NA,NA,NA,NA,NA,NA,7.19,87.6,0.0102,NA,NA,NA,NA,NA,NA,0.0352,47.83,23.21,28.97,234.055721393035,524.281592039801
"204",2021-10-01,0.0216,4.35,85.4,7841.06,6696.26,NA,NA,NA,NA,NA,0.007767,6.77,82.7,4385.39,3626.72,NA,NA,NA,NA,0.0062,2.51,82.3,1068.15,1297.87,NA,NA,0.0356,60.75,21.83,17.43,246.898030942335,552.969079409698
"205",2021-10-02,0.0184,NA,NA,NA,NA,NA,NA,52180.3,44822.88,NA,0.007016,NA,NA,NA,NA,26824.43,22300.04,NA,NA,0.0071,NA,NA,NA,NA,20400.53,17694.06,0.0325,56.61,21.56,21.82,215.49546406141,602.185624563852
"206",2021-10-03,0.0215,NA,NA,NA,NA,NA,NA,NA,NA,NA,0.007751,NA,NA,NA,NA,NA,NA,NA,NA,0.0055,NA,NA,NA,NA,NA,NA,0.0347,61.82,22.33,15.85,215.541405706333,585.55114822547
"207",2021-10-04,0.0184,4.3,86,6615.77,5689.56,NA,NA,NA,NA,NA,0.008316,6.72,82.4,4660.69,3840.4,NA,NA,6.96,86.9,0.0126,7.28,89.2,6823.9,7650.12,NA,NA,0.0394,46.87,21.13,32.01,241.833217512161,522.797776233495
"208",2021-10-05,0.021,NA,NA,NA,NA,NA,NA,NA,NA,NA,0.00751,NA,NA,NA,NA,NA,NA,NA,NA,0.0156,NA,NA,NA,NA,NA,NA,0.0441,47.61,17.03,35.37,306.456764295676,589.089260808926
"209",2021-10-06,0.0278,3.93,85.3,9095.65,7758.59,NA,NA,NA,NA,NA,0.007295,6.62,82.2,4027.63,3310.71,NA,NA,8.08,89.5,0.0146,8.09,92.6,9121.76,9850.71,NA,NA,0.0496,55.9,14.69,29.41,412.481944444444,596.415277777778
"210",2021-10-07,0.019,NA,NA,NA,NA,54955.78,47003.63,NA,NA,NA,0.006556,NA,NA,NA,NA,NA,NA,NA,NA,0.0051,NA,NA,NA,NA,NA,NA,0.0307,61.98,21.38,16.63,432.160994764398,573.624345549738
"211",2021-10-08,0.017,4.35,85.6,6149.72,5264.16,NA,NA,NA,NA,NA,0.00675,6.63,81.8,3732.36,3053.07,NA,NA,NA,NA,0,NA,NA,NA,NA,NA,NA,0.0237,71.52,28.48,0,244.268518518519,514.021604938272
"212",2021-10-09,0.021,NA,NA,NA,NA,NA,NA,51004.4,43676.77,NA,0.005806,NA,NA,NA,NA,27652.15,22711.63,NA,NA,0,NA,NA,NA,NA,34225.61,31111.08,0.0268,78.35,21.65,0,217.242105263158,512.661654135338
"213",2021-10-10,0.0178,NA,NA,NA,NA,NA,NA,NA,NA,NA,0.004486,NA,NA,NA,NA,NA,NA,NA,NA,0,NA,NA,NA,NA,NA,NA,0.0223,79.85,20.15,0,204.601579325197,503.303661162958
"214",2021-10-11,0.0167,4.61,86.3,6419.5,5540.03,NA,NA,NA,NA,NA,0.006692,5.89,82.5,3287.28,2712.01,NA,NA,5.99,NA,0.0103,NA,NA,NA,NA,NA,NA,0.0337,49.56,19.86,30.57,318.820979020979,581.539160839161
"215",2021-10-12,0.0261,NA,NA,NA,NA,NA,NA,NA,NA,NA,0.008137,NA,NA,NA,NA,NA,NA,NA,NA,0.0149,NA,NA,NA,NA,NA,NA,0.0491,53.09,16.57,30.34,368.361610352265,574.040229885057
"216",2021-10-13,0.023,6.55,86.7,12561.22,10890.58,NA,NA,NA,NA,NA,0.008025,6.46,83.5,4323.58,3610.19,NA,NA,NA,NA,0.0015,NA,NA,NA,NA,NA,NA,0.0325,70.71,24.68,4.61,247.016444792482,507.790588235294
"217",2021-10-14,0.0229,NA,NA,NA,NA,58637.69,50621.12,NA,NA,NA,0.007854,NA,NA,NA,NA,NA,NA,NA,NA,0.0059,NA,NA,NA,NA,NA,NA,0.0367,62.48,21.43,16.09,317.655813953488,493.896899224806
"218",2021-10-15,0.0193,5.92,87,9551.08,8309.44,NA,NA,NA,NA,NA,0.007342,6.44,83.1,3943.36,3276.93,NA,NA,6.89,NA,0.008,NA,NA,NA,NA,NA,NA,0.0347,55.77,21.17,23.06,302.663235294118,548.790014684288
"219",2021-10-16,0.0167,NA,NA,NA,NA,NA,NA,67724.1,58694.22,NA,0.00658,NA,NA,NA,NA,25669.99,21314.65,NA,NA,0.0045,NA,NA,NA,NA,NA,NA,0.0278,60.08,23.7,16.21,332.910791366906,566.474063400576
"220",2021-10-17,0.0131,NA,NA,NA,NA,NA,NA,NA,NA,NA,0.005859,NA,NA,NA,NA,NA,NA,NA,NA,0,NA,NA,NA,NA,NA,NA,0.019,69.11,30.89,0,306.458405545927,448.827705627706
"221",2021-10-18,0.0193,5.29,87.7,8524.97,7476.39,NA,NA,NA,NA,NA,0.006793,6.1,83.7,3455.87,2892.56,NA,NA,7.78,NA,0.0086,8.35,92.4,5533.79,5988.95,NA,NA,0.0347,55.66,19.57,24.77,414.582907231556,575.947406866326
"222",2021-10-19,0.0219,NA,NA,NA,NA,NA,NA,NA,NA,NA,0.007492,NA,NA,NA,NA,NA,NA,NA,NA,0.0074,NA,NA,NA,NA,NA,NA,0.0368,59.53,20.36,20.11,377.491684743312,567.088937093275
"223",2021-10-20,0.0237,6.24,87.6,12308.07,10781.87,NA,NA,NA,NA,NA,0.005788,6.17,83.4,2978.38,2483.97,NA,NA,8.18,NA,0.0099,NA,NA,NA,NA,NA,NA,0.0393,60.12,14.71,25.17,369.661981728742,581.47575544624
"224",2021-10-21,0.032,NA,NA,NA,NA,70896.27,61991.31,NA,NA,NA,0.002683,NA,NA,NA,NA,NA,NA,NA,NA,0.0071,NA,NA,NA,NA,NA,NA,0.0417,76.56,6.43,17.01,393.63381294964,556.225179856115
"225",2021-10-22,0.0209,8.29,84.1,14441.35,12145.18,NA,NA,NA,NA,NA,0.011448,6.27,82.5,5986.37,4938.75,NA,NA,7.94,NA,0.0029,6.39,91.5,1414.12,1545.49,NA,NA,0.0352,59.28,32.49,8.23,380.189269746647,473.874162323157
"226",2021-10-23,0.0332,NA,NA,NA,NA,NA,NA,90288.76,78069.68,NA,0.01336,NA,NA,NA,NA,27623.96,22983.14,NA,NA,0.0078,NA,NA,NA,NA,26860.55,24698.28,0.0544,61.07,24.58,14.35,423.440789473684,387.654239766082
"227",2021-10-24,0.0493,NA,NA,NA,NA,NA,NA,NA,NA,NA,0.025179,NA,NA,NA,NA,NA,NA,NA,NA,0.0108,NA,NA,NA,NA,NA,NA,0.0853,57.83,29.51,12.66,378.370398773006,394.396472392638
"228",2021-10-25,0.0356,8.46,75.4,25130.24,18948.2,NA,NA,NA,NA,NA,0.018142,6.73,85.2,10182.78,8675.73,NA,NA,8.59,NA,0.0134,5.09,90.7,5159.36,5688.38,NA,NA,0.0672,53.03,27.01,19.95,476.105354058722,392.927461139896
"229",2021-10-26,0.0239,NA,NA,NA,NA,NA,NA,NA,NA,NA,0.017246,NA,NA,NA,NA,NA,NA,NA,NA,0.0071,NA,NA,NA,NA,NA,NA,0.0483,49.55,35.74,14.71,394.148148148148,376.275
"230",2021-10-27,0.0378,0.49,63.2,1542.95,975.14,NA,NA,NA,NA,NA,0.019617,7.68,82.8,12564.92,10403.76,NA,NA,19.8,NA,0.0121,8.16,92.7,7633.46,8234.58,NA,NA,0.0695,54.35,28.24,17.42,443.397800183318,357.570119156737
"231",2021-10-28,0.0397,NA,NA,NA,NA,95933.93,74826.55,NA,NA,NA,0.029391,NA,NA,NA,NA,NA,NA,NA,NA,0.0076,NA,NA,NA,NA,NA,NA,0.0767,51.77,38.32,9.91,413.707619047619,362.006673021926
"232",2021-10-29,0.0406,10.1,75,34192.57,25644.43,NA,NA,NA,NA,NA,0.023329,8.07,81.9,15701.3,12859.37,NA,NA,7.32,88.1,0.0034,4.67,90,1191.8,1324.23,NA,NA,0.0673,60.3,34.65,5.05,468.733772342427,345.358419567262
"233",2021-10-30,0.0478,NA,NA,NA,NA,NA,NA,145881.19,103867.41,NA,0.014459,NA,NA,NA,NA,92175.56,76782.24,NA,NA,0.0074,NA,NA,NA,NA,30787.28,28057.47,0.0697,68.63,20.75,10.62,512.09632034632,234.813852813853
"234",2021-10-31,0.058,NA,NA,NA,NA,NA,NA,NA,NA,386296.15,0.010823,NA,NA,NA,NA,NA,NA,NA,NA,0.002,NA,NA,NA,NA,NA,NA,0.0708,81.89,15.29,2.83,452.334558823529,178.700367647059
"235",2021-11-01,0.0498,5.91,73.5,24540.93,18037.58,NA,NA,NA,NA,NA,0.00637,7.95,81.7,4223.5,3450.6,NA,NA,NA,NA,0.0028,5.67,89.3,1182.38,1324.06,NA,NA,0.059,84.45,10.8,4.75,330.9,230.8
"236",2021-11-02,0.0369,NA,NA,NA,NA,NA,NA,NA,NA,NA,0.008465,NA,NA,NA,NA,NA,NA,NA,NA,0.0115,NA,NA,NA,NA,NA,NA,0.0568,64.87,14.89,20.23,358.987198795181,234.948081264108
"237",2021-11-03,0.0408,6.08,73.8,20677.11,15259.71,NA,NA,NA,NA,NA,0.01312,7.81,81.3,8545.76,6947.71,NA,NA,10.6,89.7,0.0115,NA,NA,NA,NA,NA,NA,0.0654,62.35,20.06,17.58,425.996320147194,278.03771849126
"238",2021-11-04,0.0397,NA,NA,NA,NA,185291.42,137530.67,NA,NA,NA,0.015795,NA,NA,NA,NA,NA,NA,NA,NA,0.0069,NA,NA,NA,NA,NA,NA,0.0624,63.63,25.31,11.06,491.414273995078,312.185550082102
"239",2021-11-05,0.035,5.05,78.4,14755.18,11568.06,NA,NA,NA,NA,NA,0.017234,7.69,80.8,11052.96,8930.79,NA,NA,NA,NA,0.0023,5.2,90.2,899.71,997.46,NA,NA,0.0546,64.2,31.58,4.21,272.134935304991,90.9824399260629
"240",2021-11-06,0.0378,NA,NA,NA,NA,NA,NA,141623.87,106548.36,NA,0.011728,NA,NA,NA,NA,54573.42,44350,NA,NA,0.0064,NA,NA,NA,NA,19672.31,17655.9,0.0559,67.57,20.98,11.45,252.185356811863,60.5644114921223
"241",2021-11-07,0.0361,NA,NA,NA,NA,NA,NA,NA,NA,NA,0.00971,NA,NA,NA,NA,NA,NA,NA,NA,0.0014,NA,NA,NA,NA,NA,NA,0.0472,76.45,20.58,2.97,268.943150046598,48.7819198508854
"242",2021-11-08,0.018,4.34,82.8,6517.6,5396.58,NA,NA,NA,NA,NA,0.009464,7.96,81.2,6282.81,5101.64,NA,NA,NA,NA,0.0053,NA,NA,NA,NA,NA,NA,0.0328,54.95,28.88,16.17,302.361296472831,58.8455672068637
"243",2021-11-09,0.035,NA,NA,NA,NA,NA,NA,NA,NA,NA,0.001799,NA,NA,NA,NA,NA,NA,NA,NA,0.0066,NA,NA,NA,NA,NA,NA,0.0434,80.64,4.15,15.21,361.108527131783,47.7836504580691
"244",2021-11-10,0.0238,6.87,77.2,13629.61,10522.06,NA,NA,NA,NA,NA,0.00178,6.09,77.3,904.07,698.85,NA,NA,6.5,85.1,0.0126,4.8,90.1,4544.67,5044.03,NA,NA,0.0382,62.32,4.66,33.01,233.315366049879,81.3958165728077
"245",2021-11-11,0.0321,NA,NA,NA,NA,81438.91,64135.62,NA,NA,NA,0.007427,NA,NA,NA,NA,NA,NA,NA,NA,0.0073,NA,NA,NA,NA,NA,NA,0.0469,68.57,15.85,15.58,429.557513914657,73.5287569573284
"246",2021-11-12,0.0425,6.39,73.4,22643.84,16620.58,NA,NA,NA,NA,NA,0.012972,5.47,77.9,5917.8,4609.97,NA,NA,5.46,89.1,0.0035,3.73,87,947.24,1088.79,NA,NA,0.059,72.06,22,5.94,285.285130718954,66.9558823529412
"247",2021-11-13,0.037,NA,NA,NA,NA,NA,NA,109818.65,85438.91,NA,0.01591,NA,NA,NA,NA,32181.7,25359.18,NA,NA,0.0069,NA,NA,NA,NA,15508.56,13732.83,0.0598,61.85,26.61,11.54,377.256900212314,80.4324133050248
"248",2021-11-14,0.0264,NA,NA,NA,NA,NA,NA,NA,NA,NA,0.018076,NA,NA,NA,NA,NA,NA,NA,NA,0.0024,NA,NA,NA,NA,NA,NA,0.0468,56.29,38.59,5.12,315.292883895131,115.353558052434
"249",2021-11-15,0.0233,3.81,80.3,7392.35,5936.06,NA,NA,NA,NA,NA,0.019009,4.93,78,7815.78,6096.31,NA,NA,8.55,87,0.0118,5.55,89.4,4882.91,5461.87,NA,NA,0.0541,43.02,35.15,21.82,366.292834890966,172.16420233463
"250",2021-11-16,0.0442,NA,NA,NA,NA,NA,NA,NA,NA,NA,0.018791,NA,NA,NA,NA,NA,NA,NA,NA,0.0034,NA,NA,NA,NA,NA,NA,0.0664,66.59,28.29,5.12,323.209269662921,244.675087719298
"251",2021-11-17,0.0422,4.73,81.6,16648.38,13585.08,NA,NA,NA,NA,NA,0.018675,5.16,80.1,8036.67,6437.38,NA,NA,NA,NA,0.0077,12.1,90.3,7016.65,7770.38,NA,NA,0.0686,61.54,27.23,11.23,349.653355989805,311.291418861512
"252",2021-11-18,0.0318,NA,NA,NA,NA,108930.65,84330.65,NA,NA,NA,0.017741,NA,NA,NA,NA,NA,NA,NA,NA,0,NA,NA,NA,NA,NA,NA,0.0496,64.21,35.79,0,241.663628076572,377.814038286235
"253",2021-11-19,0.0286,4.51,83,10744.14,8917.63,NA,NA,NA,NA,NA,0.016458,5.48,78.9,7521.83,5934.73,NA,NA,11.3,90.2,0.0137,10.6,93.6,11336.22,12111.35,NA,NA,0.0587,48.64,28.03,23.33,224.551470588235,338.318014705882
"254",2021-11-20,0.0199,NA,NA,NA,NA,NA,NA,78185.07,63825.08,NA,0.013374,NA,NA,NA,NA,52962.74,41840.56,NA,NA,0.0058,NA,NA,NA,NA,35183.68,32052.33,0.0391,50.91,34.24,14.85,198.342767295597,409.165880503145
"255",2021-11-21,0.0198,NA,NA,NA,NA,NA,NA,NA,NA,NA,0.010135,NA,NA,NA,NA,NA,NA,NA,NA,0.0015,NA,NA,NA,NA,NA,NA,0.0314,62.99,32.24,4.77,190.785648574057,410.02479338843
"256",2021-11-22,0.0198,5.48,85.3,9034.6,7706.52,NA,NA,NA,NA,NA,0.008233,5.23,80.8,3591.09,2901.6,NA,NA,NA,NA,0.0083,11.1,91.8,7053.58,7683.64,NA,NA,0.0363,54.46,22.68,22.86,264.89429373246,427.055191768007
"257",2021-11-23,0.0201,NA,NA,NA,NA,NA,NA,NA,NA,NA,0.008634,NA,NA,NA,NA,NA,NA,NA,NA,0.0039,NA,NA,NA,NA,NA,NA,0.0326,61.6,26.45,11.95,267.904849039341,500.929551692589
"258",2021-11-24,0.0259,4.53,86.5,9768.17,8449.47,NA,NA,NA,NA,NA,0.008997,4.36,81.3,3271.53,2659.75,NA,NA,7.42,87.8,0.0029,8.55,91.4,1890.06,2067.9,NA,NA,0.0378,68.49,23.83,7.68,327.27239488117,515.20802919708
"259",2021-11-25,0.0202,NA,NA,NA,NA,68942.79,58505.11,NA,NA,NA,0.008951,NA,NA,NA,NA,NA,NA,NA,NA,0.0099,NA,NA,NA,NA,NA,NA,0.039,51.71,22.93,25.36,375.435326842837,585.880389429764
"260",2021-11-26,0.021,NA,NA,NA,NA,NA,NA,NA,NA,NA,0.008536,NA,NA,NA,NA,NA,NA,6.62,86.7,0.0026,NA,NA,NA,NA,NA,NA,0.0321,65.32,26.58,8.1,474.389950460014,528.314225053079
"261",2021-11-27,0.0212,NA,NA,NA,NA,NA,NA,61684.05,52986.6,NA,0.008856,NA,NA,NA,NA,24956.75,20227.45,NA,NA,0.004,NA,NA,NA,NA,27122.31,24844.03,0.0341,62.28,25.99,11.74,552.982505248425,564.173547935619
"262",2021-11-28,0.0171,NA,NA,NA,NA,NA,NA,NA,NA,NA,0.009912,NA,NA,NA,NA,NA,NA,NA,NA,0,NA,NA,NA,NA,NA,NA,0.0271,63.37,36.63,0,652.377121771218,513.275276752768
"263",2021-11-29,0.0181,5.41,88.7,8153.88,7232.49,NA,NA,NA,NA,NA,0.009226,4.15,81.7,3193.21,2608.85,NA,NA,6.41,86.7,0.0093,9.55,90.2,6681.27,7407.17,NA,NA,0.0366,49.38,25.21,25.41,389.281588447653,531.881768953069
"264",2021-11-30,0.0229,NA,NA,NA,NA,NA,NA,NA,NA,388893.04,0.008831,NA,NA,NA,NA,NA,NA,NA,NA,0.0088,NA,NA,NA,NA,NA,NA,0.0405,56.5,21.79,21.71,406.024051803885,520.803885291397
"265",2021-12-01,0.0358,4.44,86.6,13240.58,11466.34,NA,NA,NA,NA,NA,0.010759,4.27,81.8,3831.47,3134.15,NA,NA,8.08,90.3,0.0065,7.25,91,3576.5,3930.23,NA,NA,0.053,67.45,20.29,12.26,439.073597056118,541.639374425023
"266",2021-12-02,0.0262,NA,NA,NA,NA,74880.6,65445.91,NA,NA,NA,0.011827,NA,NA,NA,NA,NA,NA,NA,NA,0.0073,NA,NA,NA,NA,NA,NA,0.0453,57.78,26.11,16.11,266.512104283054,540.85009310987
"267",2021-12-03,0.018,4.9,86.9,7367.65,6402.48,NA,NA,NA,NA,NA,0.011725,4.97,82.1,4859.99,3990.05,NA,NA,NA,NA,0.0038,5.87,91.4,1700.33,1860.32,NA,NA,0.0336,53.73,34.94,11.33,388.841121495327,512.428037383178
"268",2021-12-04,0.0208,NA,NA,NA,NA,NA,NA,64911.69,56732.82,NA,0.013752,NA,NA,NA,NA,28534.81,23360.5,NA,NA,0.0032,NA,NA,NA,NA,24515.79,22276.68,0.0377,55.05,36.47,8.49,348.074861367837,533.08595194085
"269",2021-12-05,0.0192,NA,NA,NA,NA,NA,NA,NA,NA,NA,0.010314,NA,NA,NA,NA,NA,NA,NA,NA,0,NA,NA,NA,NA,NA,NA,0.0295,65.06,34.94,0,292.665740740741,495.452865064695
"270",2021-12-06,0.0154,6.68,81.7,8591.59,7019.33,NA,NA,NA,NA,NA,0.008978,5.7,84.2,4267.96,3593.62,NA,NA,NA,NA,0.0013,10.3,93.1,1039.67,1116.73,NA,NA,0.0257,60.01,34.93,5.06,298.427382053654,485.436632747456
"271",2021-12-07,0.0175,NA,NA,NA,NA,NA,NA,NA,NA,NA,0.008082,NA,NA,NA,NA,NA,NA,NA,NA,0.0067,NA,NA,NA,NA,NA,NA,0.0323,54.25,25.01,20.73,252.877664504171,477.118628359592
"272",2021-12-08,0.0151,6.01,82.6,7582.69,6263.31,NA,NA,NA,NA,NA,0.009051,5.46,85.8,4121.5,3536.25,NA,NA,NA,NA,0.0051,9.08,93.7,3618.78,3862.09,NA,NA,0.0293,51.67,30.91,17.42,362.61488372093,482.479553903346
"273",2021-12-09,0.0165,NA,NA,NA,NA,54931.17,45931.95,NA,NA,NA,0.007923,NA,NA,NA,NA,NA,NA,NA,NA,0.0065,NA,NA,NA,NA,NA,NA,0.0309,53.29,25.66,21.05,458.173630454968,453.681522748375
"274",2021-12-10,0.0172,5.96,84.7,8568.66,7257.66,NA,NA,NA,NA,NA,0.007479,5.14,84.6,3206.07,2712.33,NA,NA,NA,NA,0.0068,4.94,89,2493.4,2801.57,NA,NA,0.0315,54.7,23.73,21.58,283.353620955316,458.580893682589
"275",2021-12-11,0.019,NA,NA,NA,NA,NA,NA,62393.16,51786.32,NA,0.006956,NA,NA,NA,NA,26636.93,22605.87,NA,NA,0,NA,NA,NA,NA,17848.93,16409.12,0.026,73.24,26.76,0,182.045286506469,449.36876155268
"276",2021-12-12,0.0292,NA,NA,NA,NA,NA,NA,NA,NA,NA,0.003662,NA,NA,NA,NA,NA,NA,NA,NA,0.0052,NA,NA,NA,NA,NA,NA,0.038,76.69,9.63,13.68,314.013400335008,403.260364842454
"277",2021-12-13,0.0301,7.43,80.2,18676.1,14978.24,NA,NA,NA,NA,NA,0.002292,4.74,84.7,906.06,767.44,NA,NA,NA,NA,0.01,9.55,94.1,7494.78,7964.7,NA,NA,0.0424,71.03,5.4,23.57,307.16191799861,420.723419041001
"278",2021-12-14,0.0107,NA,NA,NA,NA,NA,NA,NA,NA,NA,0.003703,NA,NA,NA,NA,NA,NA,NA,NA,0.0062,NA,NA,NA,NA,NA,NA,0.0206,51.98,17.96,30.06,114.973548861132,474.161645848641
"279",2021-12-15,0.0235,9.48,72.3,18565.57,13422.91,NA,NA,NA,NA,NA,0.007756,5.08,84.1,3286,2763.53,NA,NA,NA,NA,0.0061,5.75,89.7,2623.95,2925.26,NA,NA,0.0373,62.89,20.77,16.34,339.603896103896,563.417439703154
"280",2021-12-16,0.0275,NA,NA,NA,NA,106890.79,83203.87,NA,NA,NA,0.005276,NA,NA,NA,NA,NA,NA,NA,NA,0.0071,NA,NA,NA,NA,NA,NA,0.0399,68.98,13.22,17.79,412.792424242424,609.515909090909
"281",2021-12-17,0.0294,6.63,73.1,16283.26,11903.06,NA,NA,NA,NA,NA,0.011809,4.88,82.9,4806.17,3984.31,NA,NA,NA,NA,0.006,NA,NA,NA,NA,NA,NA,0.0473,62.31,24.99,12.7,365.568245125348,575.625812441968
"282",2021-12-18,0.0396,NA,NA,NA,NA,NA,NA,124185.71,93387.65,NA,0.019676,NA,NA,NA,NA,22138.75,18574.41,NA,NA,0.0026,NA,NA,NA,NA,27562.03,25329.51,0.0619,64.01,31.79,4.2,310.294717330862,580.443002780352
"283",2021-12-19,0.0284,NA,NA,NA,NA,NA,NA,NA,NA,NA,0.018855,NA,NA,NA,NA,NA,NA,NA,NA,0,NA,NA,NA,NA,NA,NA,0.0473,60.12,39.88,0,361.704212454212,519.815018315018
"284",2021-12-20,0.0271,7.78,77.7,17555.92,13640.95,NA,NA,NA,NA,NA,0.019437,5.89,80.5,9547.96,7686.11,NA,NA,NA,NA,0.007,8.14,92.4,4390.97,4752.13,NA,NA,0.0535,50.58,36.34,13.09,378.063893016345,456.37147102526
"285",2021-12-21,0.0282,NA,NA,NA,NA,NA,NA,NA,NA,NA,0.016964,NA,NA,NA,NA,NA,NA,NA,NA,0.0068,NA,NA,NA,NA,NA,NA,0.052,54.26,32.65,13.09,414.416741674167,432.571557155716
"286",2021-12-22,0.035,6.56,82.7,19175.96,15858.52,NA,NA,NA,NA,NA,0.010626,5.68,80.2,5033.66,4037,NA,NA,NA,NA,0.0072,11,95.1,6281.62,6605.28,NA,NA,0.0529,66.29,20.1,13.62,497.291666666667,441.852083333333
"287",2021-12-23,0.0238,NA,NA,NA,NA,123702,96605.91,NA,NA,NA,0.010176,NA,NA,NA,NA,NA,NA,NA,NA,0.0074,NA,NA,NA,NA,NA,NA,0.0414,57.51,24.6,17.89,500.101186322401,397.334263782275
"288",2021-12-24,0.0245,NA,NA,NA,NA,NA,NA,NA,NA,NA,0.007918,NA,NA,NA,NA,NA,NA,NA,NA,0.0019,NA,NA,NA,NA,NA,NA,0.0343,71.41,23.06,5.53,301.168185003504,351.398738612474
"289",2021-12-25,0.0225,NA,NA,NA,NA,NA,NA,113807.74,91273.8,NA,0.009634,NA,NA,NA,NA,45281.03,36383.31,NA,NA,0,NA,NA,NA,NA,24183.58,22672.11,0.0321,70.01,29.99,0,82.1739910313901,392.775784753363
"290",2021-12-26,0.0152,NA,NA,NA,NA,NA,NA,NA,NA,NA,0.009333,NA,NA,NA,NA,NA,NA,NA,NA,0,NA,NA,NA,NA,NA,NA,0.0245,61.91,38.09,0,360.036221590909,380.712357954545
"291",2021-12-27,0.0195,5.41,82.8,8780.93,7270.61,NA,NA,NA,NA,NA,0.011279,5.47,82.5,5145.46,4245,NA,NA,NA,NA,0.0079,11.2,94.7,6988.13,7379.23,NA,NA,0.0386,50.37,29.19,20.44,315.30081300813,340.267553584627
"292",2021-12-28,0.0329,NA,NA,NA,NA,NA,NA,NA,NA,NA,0.016251,NA,NA,NA,NA,NA,NA,NA,NA,0.0034,NA,NA,NA,NA,NA,NA,0.0525,62.6,30.93,6.47,456.605657237937,429.064891846922
"293",2021-12-29,0.0405,5.63,83.1,19012.93,15799.74,NA,NA,NA,NA,NA,0.015034,7.77,82.5,9742.3,8037.4,NA,NA,NA,NA,0.0094,9.98,94.2,7370.13,7823.92,NA,NA,0.0649,62.37,23.16,14.48,477.300557880056,429.884239888424
"294",2021-12-30,0.0279,NA,NA,NA,NA,97278.49,80746.22,NA,NA,NA,0.014891,NA,NA,NA,NA,NA,NA,NA,NA,0.0074,NA,NA,NA,NA,NA,NA,0.0501,55.55,29.7,14.76,473.250708215297,468.915722379603
"295",2021-12-31,0.0303,NA,NA,NA,NA,NA,NA,NA,NA,409662.49,0.014787,NA,NA,NA,NA,NA,NA,NA,NA,0,NA,NA,NA,NA,NA,NA,0.0451,67.19,32.81,0,423.554539057002,480.794510907811
"296",2022-01-01,0.035,NA,NA,NA,NA,NA,NA,92283.31,76549.01,NA,0.014188,NA,NA,NA,NA,53111.12,43816.67,NA,NA,NA,NA,NA,NA,NA,24818.09,23440.68,0.0492,71.17,28.83,0,377.981625441696,447.555711282411
"297",2022-01-02,0.0335,NA,NA,NA,NA,NA,NA,NA,NA,NA,0.0137,NA,NA,NA,NA,NA,NA,NA,NA,NA,NA,NA,NA,NA,NA,NA,0.0472,70.95,29.05,0,380.514365802383,381.587535014006
"298",2022-01-03,0.0313,5.7,83.5,14876.16,12421.6,NA,NA,NA,NA,NA,0.010724,5.32,75.8,4758.11,3606.65,NA,NA,NA,NA,NA,2.43,80.7,1226.61,1519.97,NA,NA,0.0495,63.2,21.66,15.15,350.72,348.082105263158
"299",2022-01-04,0.0233,NA,NA,NA,NA,NA,NA,NA,NA,NA,0.008705,NA,NA,NA,NA,NA,NA,NA,NA,NA,NA,NA,NA,NA,NA,NA,0.0394,59.33,22.12,18.55,457.149755073478,465.831350594822
"300",2022-01-05,0.0319,6.36,82.7,16897.51,13974.24,NA,NA,NA,NA,NA,0.011716,5.35,76.1,5227.56,3978.17,NA,NA,NA,NA,NA,11.1,93.7,4944.28,5276.72,NA,NA,0.0493,64.65,23.78,11.57,392.664315937941,480.480253878702
"301",2022-01-06,0.0385,NA,NA,NA,NA,111207.86,92385.43,NA,NA,NA,0.009033,NA,NA,NA,NA,NA,NA,NA,NA,NA,NA,NA,NA,NA,NA,NA,0.0565,68.1,15.98,15.92,88.3041057759221,461.982602644398
"302",2022-01-07,0.0374,5.46,81.7,17045.07,13925.82,NA,NA,NA,NA,NA,0.007988,5.67,77.1,3777.35,2912.34,NA,NA,NA,NA,NA,2.34,83.7,408.36,487.89,NA,NA,0.0479,78.11,16.67,5.22,41.0062717770035,534.038327526132
"303",2022-01-08,0.0386,NA,NA,NA,NA,NA,NA,114723.01,94799.45,NA,0.007755,NA,NA,NA,NA,31741.61,24229.43,NA,NA,NA,NA,NA,NA,NA,16323.88,14043.98,0.0513,75.16,15.1,9.74,101.178821879383,532.985273492286
"304",2022-01-09,0.0253,NA,NA,NA,NA,NA,NA,NA,NA,NA,0.007582,NA,NA,NA,NA,NA,NA,NA,NA,NA,NA,NA,NA,NA,NA,NA,0.0328,76.91,23.09,0,399.333589546503,528.201383551115
"305",2022-01-10,0.0193,5.27,84.2,8476.71,7137.39,NA,NA,NA,NA,NA,0.009097,6.33,80,4802.51,3842.01,NA,NA,NA,NA,NA,5.06,90.7,2564.48,2827.43,NA,NA,0.0351,54.97,25.93,19.1,301.836213373403,473.970698722765
"306",2022-01-11,0.0205,NA,NA,NA,NA,NA,NA,NA,NA,NA,0.010608,NA,NA,NA,NA,NA,NA,NA,NA,NA,NA,NA,NA,NA,NA,NA,0.0383,53.53,27.68,18.79,318.25634057971,454.75634057971
"307",2022-01-12,0.0198,4.84,84.3,8007.32,6750.17,NA,NA,NA,NA,NA,0.010811,5.41,77.8,4877.86,3794.97,NA,NA,NA,NA,NA,4.43,89.8,2554.68,2844.86,NA,NA,0.0383,51.73,28.19,20.08,315.731910946197,406.78293135436
"308",2022-01-13,0.025,NA,NA,NA,NA,78234.57,64897.9,NA,NA,NA,0.00966,NA,NA,NA,NA,NA,NA,NA,NA,NA,NA,NA,NA,NA,NA,NA,0.0399,62.72,24.24,13.05,246.040145985401,416.102189781022
"309",2022-01-14,0.023,4.27,86.7,8186.75,7097.92,NA,NA,NA,NA,NA,0.009282,4.46,77.9,3452.57,2689.55,NA,NA,NA,NA,NA,NA,NA,NA,NA,NA,NA,0.0351,65.55,26.47,7.98,233.249537892791,432.906654343808
"310",2022-01-15,0.0225,NA,NA,NA,NA,NA,NA,62198.98,52910.6,NA,0.010119,NA,NA,NA,NA,30245.73,23763.06,NA,NA,NA,NA,NA,NA,NA,14127.67,12750.22,0.0387,58.11,26.14,15.76,238.92850678733,461.666968325792
"311",2022-01-16,0.0228,NA,NA,NA,NA,NA,NA,NA,NA,NA,0.010546,NA,NA,NA,NA,NA,NA,NA,NA,NA,NA,NA,NA,NA,NA,NA,0.0335,68.19,31.51,0.3,227.528388278388,340.082417582418
"312",2022-01-17,0.0172,NA,NA,NA,NA,NA,NA,NA,NA,NA,0.01091,NA,NA,NA,NA,NA,NA,NA,NA,NA,NA,NA,NA,NA,NA,NA,0.04,43,27.27,29.74,256.970749542962,281.697440585009
"313",2022-01-18,0.0181,NA,NA,NA,NA,NA,NA,NA,NA,NA,0.011345,NA,NA,NA,NA,NA,NA,NA,NA,NA,NA,NA,NA,NA,NA,NA,0.0356,50.99,31.87,17.14,275.624426078972,276.583103764922
"314",2022-01-19,0.0209,4.83,88.1,8430.52,7427.29,NA,NA,NA,NA,NA,0.009483,5.41,77.2,4278.67,3303.14,NA,NA,NA,NA,NA,NA,NA,NA,NA,NA,NA,0.0373,56.09,25.42,18.49,309.501042390549,274.769979152189
"315",2022-01-20,0.0236,NA,NA,NA,NA,58160.47,50838.22,NA,NA,NA,0.007728,NA,NA,NA,NA,NA,NA,NA,NA,NA,NA,NA,NA,NA,NA,NA,0.0313,75.34,24.66,0,446.353448275862,282.292511700468
"316",2022-01-21,0.0243,5.51,88.3,11162.94,9856.87,NA,NA,NA,NA,NA,0.008924,5.24,77.5,3899.93,3022.45,NA,NA,NA,NA,NA,14.4,96,NA,NA,NA,NA,0.0366,66.34,24.37,9.29,354.485988791033,233.041633306645
"317",2022-01-22,0.0213,NA,NA,NA,NA,NA,NA,63692.56,56176.84,NA,0.01032,NA,NA,NA,NA,30612.54,23678.8,NA,NA,NA,NA,NA,NA,NA,NA,NA,0.0359,59.28,28.75,11.98,251.926724137931,235.293103448276
"318",2022-01-23,0.0196,NA,NA,NA,NA,NA,NA,NA,NA,NA,0.011154,NA,NA,NA,NA,NA,NA,NA,NA,NA,NA,NA,NA,NA,NA,NA,0.0309,63.54,36.14,0.32,331.966055045872,283.5
"319",2022-01-24,0.0158,4.59,88.6,NA,NA,NA,NA,NA,NA,NA,0.012003,5.35,79.4,NA,NA,NA,NA,NA,NA,NA,NA,NA,NA,NA,NA,NA,0.0351,44.95,34.23,20.82,302.84487534626,237.8513388735
