"liquid_reuse_biogas_production_raw_pkey","trial","prairie_grass_to_manure_ratio","particle_size","reactor","day","sample_date","biogas_yield_ml","methane_pct","daily_methane_ml","cumulative_methane_ml","total_solids_pct","pH","NH3","starting_water_g","remaining_free_liquid_g","net_water_loss_g","water_replaced_ppn"
1,1,"3:1","1 inch","13",3,NA,48,32.8,5.248,5.248,25,7.65,354,94.45,7.61,86.84,0.919428268925357
2,1,"3:1","1 inch","13",6,NA,45,13.9,6.255,11.503,25,7.65,354,94.45,7.61,86.84,0.919428268925357
3,1,"3:1","1 inch","13",9,NA,53,31.7,16.801,28.304,25,7.65,354,94.45,7.61,86.84,0.919428268925357
4,1,"3:1","1 inch","13",12,NA,34,38,12.92,41.224,25,7.65,354,94.45,7.61,86.84,0.919428268925357
5,1,"3:1","1 inch","13",15,NA,37,42.6,15.762,56.986,25,7.65,354,94.45,7.61,86.84,0.919428268925357
6,1,"3:1","1 inch","13",18,NA,73,66.7,48.691,105.677,25,7.65,354,94.45,7.61,86.84,0.919428268925357
7,1,"3:1","1 inch","13",21,NA,44,42.9,18.876,124.553,25,7.65,354,94.45,7.61,86.84,0.919428268925357
8,1,"3:1","1 inch","13",24,NA,28,43.4,12.152,136.705,25,7.65,354,94.45,7.61,86.84,0.919428268925357
9,1,"3:1","1 inch","13",27,NA,51,60.5,30.855,167.56,25,7.65,354,94.45,7.61,86.84,0.919428268925357
10,1,"3:1","1 inch","13",30,NA,61,51.2,31.232,198.792,25,7.65,354,94.45,7.61,86.84,0.919428268925357
11,1,"3:1","1 inch","13",33,NA,90,54.6,49.14,247.932,25,7.65,354,94.45,7.61,86.84,0.919428268925357
12,1,"3:1","1 inch","13",35,NA,80,52.9,42.32,290.252,25,7.65,354,94.45,7.61,86.84,0.919428268925357
13,1,"3:1","1 inch","14",3,NA,60,2.9,0.58,0.58,25,5.83,494,94.45,9.55,84.9,0.898888300688195
14,1,"3:1","1 inch","14",6,NA,101,2.3,2.323,2.903,25,5.83,494,94.45,9.55,84.9,0.898888300688195
15,1,"3:1","1 inch","14",9,NA,91,2.7,2.457,5.36,25,5.83,494,94.45,9.55,84.9,0.898888300688195
16,1,"3:1","1 inch","14",12,NA,83,51,42.33,47.69,25,5.83,494,94.45,9.55,84.9,0.898888300688195
17,1,"3:1","1 inch","14",15,NA,97,65.5,63.535,111.225,25,5.83,494,94.45,9.55,84.9,0.898888300688195
18,1,"3:1","1 inch","14",18,NA,101,44.1,44.541,155.766,25,5.83,494,94.45,9.55,84.9,0.898888300688195
19,1,"3:1","1 inch","14",21,NA,55,51.7,28.435,184.201,25,5.83,494,94.45,9.55,84.9,0.898888300688195
20,1,"3:1","1 inch","14",24,NA,61,61.9,37.759,221.96,25,5.83,494,94.45,9.55,84.9,0.898888300688195
21,1,"3:1","1 inch","14",27,NA,52,59.9,31.148,253.108,25,5.83,494,94.45,9.55,84.9,0.898888300688195
22,1,"3:1","1 inch","14",30,NA,100,50.7,50.7,303.808,25,5.83,494,94.45,9.55,84.9,0.898888300688195
23,1,"3:1","1 inch","14",33,NA,120,50.9,61.08,364.888,25,5.83,494,94.45,9.55,84.9,0.898888300688195
24,1,"3:1","1 inch","14",35,NA,48,47,22.56,387.448,25,5.83,494,94.45,9.55,84.9,0.898888300688195
25,1,"3:1","1 inch","15",3,NA,27,4.2,0.378,0.378,25,5.58,181.6,94.45,17.74,76.76,0.812275132275132
26,1,"3:1","1 inch","15",6,NA,40,37.4,14.96,15.338,25,5.58,181.6,94.45,17.74,76.76,0.812275132275132
27,1,"3:1","1 inch","15",9,NA,61,36.7,22.387,37.725,25,5.58,181.6,94.45,17.74,76.76,0.812275132275132
28,1,"3:1","1 inch","15",12,NA,35,37.8,13.23,50.955,25,5.58,181.6,94.45,17.74,76.76,0.812275132275132
29,1,"3:1","1 inch","15",15,NA,36,37,13.32,64.275,25,5.58,181.6,94.45,17.74,76.76,0.812275132275132
30,1,"3:1","1 inch","15",18,NA,31,68.5,21.235,85.51,25,5.58,181.6,94.45,17.74,76.76,0.812275132275132
31,1,"3:1","1 inch","15",21,NA,30,44.6,13.38,98.89,25,5.58,181.6,94.45,17.74,76.76,0.812275132275132
32,1,"3:1","1 inch","15",24,NA,43,NA,0,98.89,25,5.58,181.6,94.45,17.74,76.76,0.812275132275132
33,1,"3:1","1 inch","15",27,NA,43,NA,0,98.89,25,5.58,181.6,94.45,17.74,76.76,0.812275132275132
34,1,"3:1","1 inch","15",30,NA,45,NA,0,98.89,25,5.58,181.6,94.45,17.74,76.76,0.812275132275132
35,1,"3:1","1 inch","15",33,NA,41,NA,0,98.89,25,5.58,181.6,94.45,17.74,76.76,0.812275132275132
36,1,"3:1","1 inch","15",35,NA,49,56.1,27.489,126.379,25,5.58,181.6,94.45,17.74,76.76,0.812275132275132
37,1,"3:1","1 inch","13",3,NA,11,7.3,0.267666666666667,0.267666666666667,25,5.6,284,83.4,11.96,71.44,0.856594724220623
38,1,"3:1","1 inch","13",6,NA,41,4.9,2.009,2.27666666666667,25,5.6,284,83.4,11.96,71.44,0.856594724220623
39,1,"3:1","1 inch","13",9,NA,27,31.7,8.559,10.8356666666667,25,5.6,284,83.4,11.96,71.44,0.856594724220623
40,1,"3:1","1 inch","13",12,NA,32,30.9,9.888,20.7236666666667,25,5.6,284,83.4,11.96,71.44,0.856594724220623
41,1,"3:1","1 inch","13",15,NA,41,NA,0,20.7236666666667,25,5.6,284,83.4,11.96,71.44,0.856594724220623
42,1,"3:1","1 inch","13",18,NA,20,49.9,9.98,30.7036666666667,25,5.6,284,83.4,11.96,71.44,0.856594724220623
43,1,"3:1","1 inch","13",21,NA,42,NA,0,30.7036666666667,25,5.6,284,83.4,11.96,71.44,0.856594724220623
44,1,"3:1","1 inch","13",24,NA,35,NA,0,30.7036666666667,25,5.6,284,83.4,11.96,71.44,0.856594724220623
45,1,"3:1","1 inch","13",27,NA,50,69.4,34.7,65.4036666666667,25,5.6,284,83.4,11.96,71.44,0.856594724220623
46,1,"3:1","1 inch","13",30,NA,54,56,30.24,95.6436666666667,25,5.6,284,83.4,11.96,71.44,0.856594724220623
47,1,"3:1","1 inch","13",33,NA,33,NA,0,95.6436666666667,25,5.6,284,83.4,11.96,71.44,0.856594724220623
48,1,"3:1","1 inch","13",35,NA,30,NA,0,95.6436666666667,25,5.6,284,83.4,11.96,71.44,0.856594724220623
49,1,"3:1","1 inch","14",3,NA,95,17.8,5.63666666666667,5.63666666666667,25,6,370.8,83.4,0.47,82.93,0.994364508393285
50,1,"3:1","1 inch","14",6,NA,13,35.6,4.628,10.2646666666667,25,6,370.8,83.4,0.47,82.93,0.994364508393285
51,1,"3:1","1 inch","14",9,NA,65,42.8,27.82,38.0846666666667,25,6,370.8,83.4,0.47,82.93,0.994364508393285
52,1,"3:1","1 inch","14",12,NA,3,35.8,1.074,39.1586666666667,25,6,370.8,83.4,0.47,82.93,0.994364508393285
53,1,"3:1","1 inch","14",15,NA,92,49,45.08,84.2386666666667,25,6,370.8,83.4,0.47,82.93,0.994364508393285
54,1,"3:1","1 inch","14",18,NA,5,32.2,1.61,85.8486666666667,25,6,370.8,83.4,0.47,82.93,0.994364508393285
55,1,"3:1","1 inch","14",21,NA,110,69.1,76.01,161.858666666667,25,6,370.8,83.4,0.47,82.93,0.994364508393285
56,1,"3:1","1 inch","14",24,NA,165,48,79.2,241.058666666667,25,6,370.8,83.4,0.47,82.93,0.994364508393285
57,1,"3:1","1 inch","14",27,NA,60,63,37.8,278.858666666667,25,6,370.8,83.4,0.47,82.93,0.994364508393285
58,1,"3:1","1 inch","14",30,NA,96,66.9,64.224,343.082666666667,25,6,370.8,83.4,0.47,82.93,0.994364508393285
59,1,"3:1","1 inch","14",33,NA,75,NA,0,343.082666666667,25,6,370.8,83.4,0.47,82.93,0.994364508393285
60,1,"3:1","1 inch","14",35,NA,48,67.6,32.448,375.530666666667,25,6,370.8,83.4,0.47,82.93,0.994364508393285
61,1,"3:1","1 inch","15",3,NA,NA,NA,0,0,25,6.41,51.34,83.4,20.67,62.73,0.752158273381295
62,1,"3:1","1 inch","15",6,NA,52,53.6,27.872,27.872,25,6.41,51.34,83.4,20.67,62.73,0.752158273381295
63,1,"3:1","1 inch","15",9,NA,61,62,37.82,65.692,25,6.41,51.34,83.4,20.67,62.73,0.752158273381295
64,1,"3:1","1 inch","15",12,NA,109,4.5,4.905,70.597,25,6.41,51.34,83.4,20.67,62.73,0.752158273381295
65,1,"3:1","1 inch","15",15,NA,101,34.9,35.249,105.846,25,6.41,51.34,83.4,20.67,62.73,0.752158273381295
66,1,"3:1","1 inch","15",18,NA,57,28.5,16.245,122.091,25,6.41,51.34,83.4,20.67,62.73,0.752158273381295
67,1,"3:1","1 inch","15",21,NA,104,NA,0,122.091,25,6.41,51.34,83.4,20.67,62.73,0.752158273381295
68,1,"3:1","1 inch","15",24,NA,60,43.7,26.22,148.311,25,6.41,51.34,83.4,20.67,62.73,0.752158273381295
69,1,"3:1","1 inch","15",27,NA,52,57.8,30.056,178.367,25,6.41,51.34,83.4,20.67,62.73,0.752158273381295
70,1,"3:1","1 inch","15",30,NA,53,69.7,36.941,215.308,25,6.41,51.34,83.4,20.67,62.73,0.752158273381295
71,1,"3:1","1 inch","15",33,NA,62,64.5,39.99,255.298,25,6.41,51.34,83.4,20.67,62.73,0.752158273381295
72,1,"3:1","1 inch","15",35,NA,49,61.6,30.184,285.482,25,6.41,51.34,83.4,20.67,62.73,0.752158273381295
73,1,"3:1","1 inch","Control-7",3,NA,54,11.1,NA,NA,25,5.75,452,NA,11.8,NA,NA
74,1,"3:1","1 inch","Control-7",6,NA,61,60.8,NA,NA,25,5.75,452,NA,11.8,NA,NA
75,1,"3:1","1 inch","Control-7",9,NA,61,57.8,NA,NA,25,5.75,452,NA,11.8,NA,NA
76,1,"3:1","1 inch","Control-7",12,NA,97,NA,NA,NA,25,5.75,452,NA,11.8,NA,NA
77,1,"3:1","1 inch","Control-7",15,NA,101,42.6,NA,NA,25,5.75,452,NA,11.8,NA,NA
78,1,"3:1","1 inch","Control-7",18,NA,97,NA,NA,NA,25,5.75,452,NA,11.8,NA,NA
79,1,"3:1","1 inch","Control-7",21,NA,110,NA,NA,NA,25,5.75,452,NA,11.8,NA,NA
80,1,"3:1","1 inch","Control-7",24,NA,105,31.8,NA,NA,25,5.75,452,NA,11.8,NA,NA
81,1,"3:1","1 inch","Control-7",27,NA,110,34.2,NA,NA,25,5.75,452,NA,11.8,NA,NA
82,1,"3:1","1 inch","Control-7",30,NA,52,NA,NA,NA,25,5.75,452,NA,11.8,NA,NA
83,1,"3:1","1 inch","Control-7",33,NA,60,NA,NA,NA,25,5.75,452,NA,11.8,NA,NA
84,1,"3:1","1 inch","Control-7",35,NA,47,NA,NA,NA,25,5.75,452,NA,11.8,NA,NA
85,1,"3:1","1 inch","Control-13",3,NA,160,9.3,NA,NA,25,7.56,28,NA,NA,66.25,NA
86,1,"3:1","1 inch","Control-13",6,NA,47,31.3,NA,NA,25,7.56,28,NA,NA,66.25,NA
87,1,"3:1","1 inch","Control-13",9,NA,121,25.3,NA,NA,25,7.56,28,NA,NA,66.25,NA
88,1,"3:1","1 inch","Control-13",12,NA,95,39.7,NA,NA,25,7.56,28,NA,NA,66.25,NA
89,1,"3:1","1 inch","Control-13",15,NA,55,46,NA,NA,25,7.56,28,NA,NA,66.25,NA
90,1,"3:1","1 inch","Control-13",18,NA,95,32.4,NA,NA,25,7.56,28,NA,NA,66.25,NA
91,1,"3:1","1 inch","Control-13",21,NA,51,38.6,NA,NA,25,7.56,28,NA,NA,66.25,NA
92,1,"3:1","1 inch","Control-13",24,NA,53,52.8,NA,NA,25,7.56,28,NA,NA,66.25,NA
93,1,"3:1","1 inch","Control-13",27,NA,53,54.5,NA,NA,25,7.56,28,NA,NA,66.25,NA
94,1,"3:1","1 inch","Control-13",30,NA,101,48.1,NA,NA,25,7.56,28,NA,NA,66.25,NA
95,1,"3:1","1 inch","Control-13",33,NA,54,49.3,NA,NA,25,7.56,28,NA,NA,66.25,NA
96,1,"3:1","1 inch","Control-13",35,NA,117,63.8,NA,NA,25,7.56,28,NA,NA,66.25,NA
97,1,"3:1","1 inch","Control-14",3,NA,11,7.2,NA,NA,25,6.15,169.6,NA,4.56,NA,NA
98,1,"3:1","1 inch","Control-14",6,NA,21,6.4,NA,NA,25,6.15,169.6,NA,4.56,NA,NA
99,1,"3:1","1 inch","Control-14",9,NA,25,31.8,NA,NA,25,6.15,169.6,NA,4.56,NA,NA
100,1,"3:1","1 inch","Control-14",12,NA,20,28.2,NA,NA,25,6.15,169.6,NA,4.56,NA,NA
101,1,"3:1","1 inch","Control-14",15,NA,40,NA,NA,NA,25,6.15,169.6,NA,4.56,NA,NA
102,1,"3:1","1 inch","Control-14",18,NA,31,38.3,NA,NA,25,6.15,169.6,NA,4.56,NA,NA
103,1,"3:1","1 inch","Control-14",21,NA,31,37.2,NA,NA,25,6.15,169.6,NA,4.56,NA,NA
104,1,"3:1","1 inch","Control-14",24,NA,51,41.1,NA,NA,25,6.15,169.6,NA,4.56,NA,NA
105,1,"3:1","1 inch","Control-14",27,NA,61,37.7,NA,NA,25,6.15,169.6,NA,4.56,NA,NA
106,1,"3:1","1 inch","Control-14",30,NA,43,62.8,NA,NA,25,6.15,169.6,NA,4.56,NA,NA
107,1,"3:1","1 inch","Control-14",33,NA,37,28.5,NA,NA,25,6.15,169.6,NA,4.56,NA,NA
108,1,"3:1","1 inch","Control-14",35,NA,48,36.7,NA,NA,25,6.15,169.6,NA,4.56,NA,NA
109,2,"Pure Grass","1 inch","10",3,NA,23,3.4,0.260666666666667,0.260666666666667,100,NA,NA,94.45,NA,NA,NA
110,2,"Pure Grass","1 inch","10",6,NA,8,1,0.08,0.340666666666667,100,NA,NA,94.45,NA,NA,NA
111,2,"Pure Grass","1 inch","10",9,NA,10,1.8,0.18,0.520666666666667,100,NA,NA,94.45,NA,NA,NA
112,2,"Pure Grass","1 inch","10",12,NA,20,10.1,2.02,2.54066666666667,100,NA,NA,94.45,NA,NA,NA
113,2,"Pure Grass","1 inch","10",15,NA,NA,NA,0,2.54066666666667,100,NA,NA,94.45,NA,NA,NA
114,2,"Pure Grass","1 inch","10",18,NA,3,6.8,0.204,2.74466666666667,100,NA,NA,94.45,NA,NA,NA
115,2,"Pure Grass","1 inch","10",21,NA,NA,NA,0,2.74466666666667,100,NA,NA,94.45,NA,NA,NA
116,2,"Pure Grass","1 inch","10",24,NA,5,47.7,2.385,5.12966666666667,100,NA,NA,94.45,NA,NA,NA
117,2,"Pure Grass","1 inch","10",27,NA,NA,NA,0,5.12966666666667,100,NA,NA,94.45,NA,NA,NA
118,2,"Pure Grass","1 inch","10",30,NA,NA,NA,0,5.12966666666667,100,NA,NA,94.45,NA,NA,NA
119,2,"Pure Grass","1 inch","10",33,NA,5,18.6,0.93,6.05966666666667,100,NA,NA,94.45,NA,NA,NA
120,2,"Pure Grass","1 inch","10",35,NA,44,61.8,27.192,33.2516666666667,100,NA,NA,94.45,NA,NA,NA
121,2,"Pure Grass","1 inch","11",3,NA,45,0.5,0.075,0.075,100,5.74,26,94.45,4.24,90.21,0.955108523028057
122,2,"Pure Grass","1 inch","11",6,NA,43,1.8,0.774,0.849,100,5.74,26,94.45,4.24,90.21,0.955108523028057
123,2,"Pure Grass","1 inch","11",9,NA,50,16.8,8.4,9.249,100,5.74,26,94.45,4.24,90.21,0.955108523028057
124,2,"Pure Grass","1 inch","11",12,NA,100,61.3,61.3,70.549,100,5.74,26,94.45,4.24,90.21,0.955108523028057
125,2,"Pure Grass","1 inch","11",15,NA,46,56.4,25.944,96.493,100,5.74,26,94.45,4.24,90.21,0.955108523028057
126,2,"Pure Grass","1 inch","11",18,NA,100,47.3,47.3,143.793,100,5.74,26,94.45,4.24,90.21,0.955108523028057
127,2,"Pure Grass","1 inch","11",21,NA,58,60.8,35.264,179.057,100,5.74,26,94.45,4.24,90.21,0.955108523028057
128,2,"Pure Grass","1 inch","11",24,NA,146,22.6,32.996,212.053,100,5.74,26,94.45,4.24,90.21,0.955108523028057
129,2,"Pure Grass","1 inch","11",27,NA,120,30.6,36.72,248.773,100,5.74,26,94.45,4.24,90.21,0.955108523028057
130,2,"Pure Grass","1 inch","11",30,NA,44,21.9,9.636,258.409,100,5.74,26,94.45,4.24,90.21,0.955108523028057
131,2,"Pure Grass","1 inch","11",33,NA,113,8.6,9.718,268.127,100,5.74,26,94.45,4.24,90.21,0.955108523028057
132,2,"Pure Grass","1 inch","11",35,NA,107,42.3,45.261,313.388,100,5.74,26,94.45,4.24,90.21,0.955108523028057
133,2,"Pure Grass","1 inch","12",3,NA,171,0.8,0.456,0.456,100,5.41,26.3,94.45,26.29,68.21,0.721798941798942
134,2,"Pure Grass","1 inch","12",6,NA,161,1.5,2.415,2.871,100,5.41,26.3,94.45,26.29,68.21,0.721798941798942
135,2,"Pure Grass","1 inch","12",9,NA,41,0.4,0.164,3.035,100,5.41,26.3,94.45,26.29,68.21,0.721798941798942
136,2,"Pure Grass","1 inch","12",12,NA,41,22.9,9.389,12.424,100,5.41,26.3,94.45,26.29,68.21,0.721798941798942
137,2,"Pure Grass","1 inch","12",15,NA,42,70.8,29.736,42.16,100,5.41,26.3,94.45,26.29,68.21,0.721798941798942
138,2,"Pure Grass","1 inch","12",18,NA,60,2.5,1.5,43.66,100,5.41,26.3,94.45,26.29,68.21,0.721798941798942
139,2,"Pure Grass","1 inch","12",21,NA,NA,NA,0,43.66,100,5.41,26.3,94.45,26.29,68.21,0.721798941798942
140,2,"Pure Grass","1 inch","12",24,NA,18,0.4,0.072,43.732,100,5.41,26.3,94.45,26.29,68.21,0.721798941798942
141,2,"Pure Grass","1 inch","12",27,NA,15,23.4,3.51,47.242,100,5.41,26.3,94.45,26.29,68.21,0.721798941798942
142,2,"Pure Grass","1 inch","12",30,NA,41,21.1,8.651,55.893,100,5.41,26.3,94.45,26.29,68.21,0.721798941798942
143,2,"Pure Grass","1 inch","12",33,NA,45,55.1,24.795,80.688,100,5.41,26.3,94.45,26.29,68.21,0.721798941798942
144,2,"Pure Grass","1 inch","12",35,NA,44,60.3,26.532,107.22,100,5.41,26.3,94.45,26.29,68.21,0.721798941798942
145,2,"3:1","1 inch","13",3,NA,150,1.9,0.95,0.95,25,5.31,29.12,83.4,49.82,33.58,0.402637889688249
146,2,"3:1","1 inch","13",6,NA,10,16.6,1.66,2.61,25,5.31,29.12,83.4,49.82,33.58,0.402637889688249
147,2,"3:1","1 inch","13",9,NA,5,28.4,1.42,4.03,25,5.31,29.12,83.4,49.82,33.58,0.402637889688249
148,2,"3:1","1 inch","13",12,NA,5,1.2,0.06,4.09,25,5.31,29.12,83.4,49.82,33.58,0.402637889688249
149,2,"3:1","1 inch","13",15,NA,5,51.3,2.565,6.655,25,5.31,29.12,83.4,49.82,33.58,0.402637889688249
150,2,"3:1","1 inch","13",18,NA,NA,NA,0,6.655,25,5.31,29.12,83.4,49.82,33.58,0.402637889688249
151,2,"3:1","1 inch","13",21,NA,NA,NA,0,6.655,25,5.31,29.12,83.4,49.82,33.58,0.402637889688249
152,2,"3:1","1 inch","13",24,NA,NA,NA,0,6.655,25,5.31,29.12,83.4,49.82,33.58,0.402637889688249
153,2,"3:1","1 inch","13",27,NA,5,55.4,2.77,9.425,25,5.31,29.12,83.4,49.82,33.58,0.402637889688249
154,2,"3:1","1 inch","13",30,NA,50,71.4,35.7,45.125,25,5.31,29.12,83.4,49.82,33.58,0.402637889688249
155,2,"3:1","1 inch","13",33,NA,15,68.7,10.305,55.43,25,5.31,29.12,83.4,49.82,33.58,0.402637889688249
156,2,"3:1","1 inch","13",35,NA,24,15.4,3.696,59.126,25,5.31,29.12,83.4,49.82,33.58,0.402637889688249
157,2,"3:1","1 inch","14",3,NA,280,0.4,0.373333333333333,0.373333333333333,25,NA,NA,83.4,NA,NA,NA
158,2,"3:1","1 inch","14",6,NA,34,3.8,1.292,1.66533333333333,25,NA,NA,83.4,NA,NA,NA
159,2,"3:1","1 inch","14",9,NA,113,40.4,45.652,47.3173333333333,25,NA,NA,83.4,NA,NA,NA
160,2,"3:1","1 inch","14",12,NA,172,56,96.32,143.637333333333,25,NA,NA,83.4,NA,NA,NA
161,2,"3:1","1 inch","14",15,NA,10,70.8,7.08,150.717333333333,25,NA,NA,83.4,NA,NA,NA
162,2,"3:1","1 inch","14",18,NA,41,2.3,0.943,151.660333333333,25,NA,NA,83.4,NA,NA,NA
163,2,"3:1","1 inch","14",21,NA,NA,NA,0,151.660333333333,25,NA,NA,83.4,NA,NA,NA
164,2,"3:1","1 inch","14",24,NA,NA,NA,0,151.660333333333,25,NA,NA,83.4,NA,NA,NA
165,2,"3:1","1 inch","14",27,NA,NA,NA,0,151.660333333333,25,NA,NA,83.4,NA,NA,NA
166,2,"3:1","1 inch","14",30,NA,10,21.4,2.14,153.800333333333,25,NA,NA,83.4,NA,NA,NA
167,2,"3:1","1 inch","14",33,NA,20,52.6,10.52,164.320333333333,25,NA,NA,83.4,NA,NA,NA
168,2,"3:1","1 inch","14",35,NA,16,38,6.08,170.400333333333,25,NA,NA,83.4,NA,NA,NA
169,2,"3:1","1 inch","15",3,NA,117,11.9,4.641,4.641,25,6.94,NA,83.4,27.44,55.96,0.670983213429257
170,2,"3:1","1 inch","15",6,NA,41,41.9,17.179,21.82,25,6.94,NA,83.4,27.44,55.96,0.670983213429257
171,2,"3:1","1 inch","15",9,NA,20,59.3,11.86,33.68,25,6.94,NA,83.4,27.44,55.96,0.670983213429257
172,2,"3:1","1 inch","15",12,NA,17,70.9,12.053,45.733,25,6.94,NA,83.4,27.44,55.96,0.670983213429257
173,2,"3:1","1 inch","15",15,NA,5,20.2,1.01,46.743,25,6.94,NA,83.4,27.44,55.96,0.670983213429257
174,2,"3:1","1 inch","15",18,NA,5,13.8,0.69,47.433,25,6.94,NA,83.4,27.44,55.96,0.670983213429257
175,2,"3:1","1 inch","15",21,NA,NA,NA,0,47.433,25,6.94,NA,83.4,27.44,55.96,0.670983213429257
176,2,"3:1","1 inch","15",24,NA,141,9.3,13.113,60.546,25,6.94,NA,83.4,27.44,55.96,0.670983213429257
177,2,"3:1","1 inch","15",27,NA,51,26.9,13.719,74.265,25,6.94,NA,83.4,27.44,55.96,0.670983213429257
178,2,"3:1","1 inch","15",30,NA,60,27.2,16.32,90.585,25,6.94,NA,83.4,27.44,55.96,0.670983213429257
179,2,"3:1","1 inch","15",33,NA,61,14.2,8.662,99.247,25,6.94,NA,83.4,27.44,55.96,0.670983213429257
180,2,"3:1","1 inch","15",35,NA,42,10.9,4.578,103.825,25,6.94,NA,83.4,27.44,55.96,0.670983213429257
181,3,"Pure Grass","1 inch","10",2,2024-01-25,385,NA,0,0,100,NA,NA,94.45,0.8511,93.5989,0.990988883006882
182,3,"Pure Grass","1 inch","10",5,2024-01-28,3,3.3,0.033,0.033,100,NA,NA,94.45,0.8511,93.5989,0.990988883006882
183,3,"Pure Grass","1 inch","10",8,2024-01-31,5,6.1,0.101666666666667,0.134666666666667,100,NA,NA,94.45,0.8511,93.5989,0.990988883006882
184,3,"Pure Grass","1 inch","10",11,2024-02-03,NA,NA,0,0.134666666666667,100,NA,NA,94.45,0.8511,93.5989,0.990988883006882
185,3,"Pure Grass","1 inch","10",17,2024-02-09,44,54.5,7.99333333333333,8.128,100,NA,NA,94.45,0.8511,93.5989,0.990988883006882
186,3,"Pure Grass","1 inch","10",20,2024-02-12,10,61.5,2.05,10.178,100,NA,NA,94.45,0.8511,93.5989,0.990988883006882
187,3,"Pure Grass","1 inch","10",26,2024-02-18,2,NA,0,10.178,100,NA,NA,94.45,0.8511,93.5989,0.990988883006882
188,3,"Pure Grass","1 inch","10",29,2024-02-21,NA,NA,0,10.178,100,NA,NA,94.45,0.8511,93.5989,0.990988883006882
189,3,"Pure Grass","1 inch","10",32,2024-02-24,42,20.8,2.912,13.09,100,NA,NA,94.45,0.8511,93.5989,0.990988883006882
190,3,"Pure Grass","1 inch","10",35,2024-02-27,2,NA,0,13.09,100,NA,NA,94.45,0.8511,93.5989,0.990988883006882
191,3,"Pure Grass","1 inch","11",2,2024-01-25,NA,NA,NA,NA,100,NA,NA,NA,NA,NA,NA
192,3,"Pure Grass","1 inch","11",5,2024-01-28,NA,NA,NA,NA,100,NA,NA,NA,NA,NA,NA
193,3,"Pure Grass","1 inch","11",8,2024-01-31,NA,NA,NA,NA,100,NA,NA,NA,NA,NA,NA
194,3,"Pure Grass","1 inch","11",11,2024-02-03,NA,NA,NA,NA,100,NA,NA,NA,NA,NA,NA
195,3,"Pure Grass","1 inch","11",17,2024-02-09,NA,NA,NA,NA,100,NA,NA,NA,NA,NA,NA
196,3,"Pure Grass","1 inch","11",20,2024-02-12,NA,NA,NA,NA,100,NA,NA,NA,NA,NA,NA
197,3,"Pure Grass","1 inch","11",26,2024-02-18,NA,NA,NA,NA,100,NA,NA,NA,NA,NA,NA
198,3,"Pure Grass","1 inch","11",29,2024-02-21,NA,NA,NA,NA,100,NA,NA,NA,NA,NA,NA
199,3,"Pure Grass","1 inch","11",32,2024-02-24,NA,NA,NA,NA,100,NA,NA,NA,NA,NA,NA
200,3,"Pure Grass","1 inch","11",35,2024-02-27,NA,NA,NA,NA,100,NA,NA,NA,NA,NA,NA
201,3,"Pure Grass","1 inch","12",2,2024-01-25,227,8.8,6.65866666666667,6.65866666666667,100,NA,NA,94.45,14.669,79.781,0.844690312334569
202,3,"Pure Grass","1 inch","12",5,2024-01-28,57,27.6,5.244,11.9026666666667,100,NA,NA,94.45,14.669,79.781,0.844690312334569
203,3,"Pure Grass","1 inch","12",8,2024-01-31,33,3.9,0.429,12.3316666666667,100,NA,NA,94.45,14.669,79.781,0.844690312334569
204,3,"Pure Grass","1 inch","12",11,2024-02-03,NA,NA,0,12.3316666666667,100,NA,NA,94.45,14.669,79.781,0.844690312334569
205,3,"Pure Grass","1 inch","12",17,2024-02-09,30,66.1,6.61,18.9416666666667,100,NA,NA,94.45,14.669,79.781,0.844690312334569
206,3,"Pure Grass","1 inch","12",20,2024-02-12,30,43.1,4.31,23.2516666666667,100,NA,NA,94.45,14.669,79.781,0.844690312334569
207,3,"Pure Grass","1 inch","12",26,2024-02-18,15,59.9,2.995,26.2466666666667,100,NA,NA,94.45,14.669,79.781,0.844690312334569
208,3,"Pure Grass","1 inch","12",29,2024-02-21,10,68.8,2.29333333333333,28.54,100,NA,NA,94.45,14.669,79.781,0.844690312334569
209,3,"Pure Grass","1 inch","12",32,2024-02-24,30,58.2,5.82,34.36,100,NA,NA,94.45,14.669,79.781,0.844690312334569
210,3,"Pure Grass","1 inch","12",35,2024-02-27,45,60.6,9.09,43.45,100,NA,NA,94.45,14.669,79.781,0.844690312334569
211,3,"3:1","1 inch","13",2,2024-01-25,287,0.1,0.0956666666666667,0.0956666666666667,25,NA,NA,83.4,4.6223,78.7777,0.944576738609113
212,3,"3:1","1 inch","13",5,2024-01-28,62,3.5,0.723333333333333,0.819,25,NA,NA,83.4,4.6223,78.7777,0.944576738609113
213,3,"3:1","1 inch","13",8,2024-01-31,5,7.9,0.131666666666667,0.950666666666667,25,NA,NA,83.4,4.6223,78.7777,0.944576738609113
214,3,"3:1","1 inch","13",11,2024-02-03,NA,NA,0,0.950666666666667,25,NA,NA,83.4,4.6223,78.7777,0.944576738609113
215,3,"3:1","1 inch","13",17,2024-02-09,87,62.2,18.038,18.9886666666667,25,NA,NA,83.4,4.6223,78.7777,0.944576738609113
216,3,"3:1","1 inch","13",20,2024-02-12,NA,56.5,0,18.9886666666667,25,NA,NA,83.4,4.6223,78.7777,0.944576738609113
217,3,"3:1","1 inch","13",26,2024-02-18,640,59.5,126.933333333333,145.922,25,NA,NA,83.4,4.6223,78.7777,0.944576738609113
218,3,"3:1","1 inch","13",29,2024-02-21,177,60.3,35.577,181.499,25,NA,NA,83.4,4.6223,78.7777,0.944576738609113
219,3,"3:1","1 inch","13",32,2024-02-24,120,62.9,25.16,206.659,25,NA,NA,83.4,4.6223,78.7777,0.944576738609113
220,3,"3:1","1 inch","13",35,2024-02-27,123,65.7,26.937,233.596,25,NA,NA,83.4,4.6223,78.7777,0.944576738609113
221,3,"3:1","1 inch","14",2,2024-01-25,101,16.4,5.52133333333333,5.52133333333333,25,NA,NA,83.4,5.158,78.242,0.938153477218225
222,3,"3:1","1 inch","14",5,2024-01-28,43,53.1,7.611,13.1323333333333,25,NA,NA,83.4,5.158,78.242,0.938153477218225
223,3,"3:1","1 inch","14",8,2024-01-31,167,57.8,32.1753333333333,45.3076666666667,25,NA,NA,83.4,5.158,78.242,0.938153477218225
224,3,"3:1","1 inch","14",11,2024-02-03,108,65.4,23.544,68.8516666666667,25,NA,NA,83.4,5.158,78.242,0.938153477218225
225,3,"3:1","1 inch","14",17,2024-02-09,180,63.7,38.22,107.071666666667,25,NA,NA,83.4,5.158,78.242,0.938153477218225
226,3,"3:1","1 inch","14",20,2024-02-12,122,54,21.96,129.031666666667,25,NA,NA,83.4,5.158,78.242,0.938153477218225
227,3,"3:1","1 inch","14",26,2024-02-18,180,59.6,35.76,164.791666666667,25,NA,NA,83.4,5.158,78.242,0.938153477218225
228,3,"3:1","1 inch","14",29,2024-02-21,137,67,30.5966666666667,195.388333333333,25,NA,NA,83.4,5.158,78.242,0.938153477218225
229,3,"3:1","1 inch","14",32,2024-02-24,180,63.6,38.16,233.548333333333,25,NA,NA,83.4,5.158,78.242,0.938153477218225
230,3,"3:1","1 inch","14",35,2024-02-27,160,63.1,33.6533333333333,267.201666666667,25,NA,NA,83.4,5.158,78.242,0.938153477218225
231,3,"3:1","1 inch","15",2,2024-01-25,NA,NA,NA,NA,25,NA,NA,NA,NA,NA,NA
232,3,"3:1","1 inch","15",5,2024-01-28,NA,NA,NA,NA,25,NA,NA,NA,NA,NA,NA
233,3,"3:1","1 inch","15",8,2024-01-31,NA,NA,NA,NA,25,NA,NA,NA,NA,NA,NA
234,3,"3:1","1 inch","15",11,2024-02-03,NA,NA,NA,NA,25,NA,NA,NA,NA,NA,NA
235,3,"3:1","1 inch","15",17,2024-02-09,NA,NA,NA,NA,25,NA,NA,NA,NA,NA,NA
236,3,"3:1","1 inch","15",20,2024-02-12,NA,NA,NA,NA,25,NA,NA,NA,NA,NA,NA
237,3,"3:1","1 inch","15",26,2024-02-18,NA,NA,NA,NA,25,NA,NA,NA,NA,NA,NA
238,3,"3:1","1 inch","15",29,2024-02-21,NA,NA,NA,NA,25,NA,NA,NA,NA,NA,NA
239,3,"3:1","1 inch","15",32,2024-02-24,NA,NA,NA,NA,25,NA,NA,NA,NA,NA,NA
240,3,"3:1","1 inch","15",35,2024-02-27,NA,NA,NA,NA,25,NA,NA,NA,NA,NA,NA
