"dataset_SSAD_biogas_production_pkey","total_solids_pct","prairie_biomass_beef_manure_ratio","day","biogas_ml_trial_1","biogas_ml_trial_2","biogas_ml_trial_3","biogas_ml_average","methane_pct_trial_1","methane_pct_trial_2","methane_pct_trial_3","methane_pct_average","daily_methane_mean_ml","cumulative_methane_mean_ml","daily_methane_pct","cumulative_biogas_mean_ml"
1,"15","Pure Grass",1,NA,NA,NA,NA,0,0,NA,0,NA,NA,NA,NA
2,"15","Pure Grass",2,94,32.3333333333333,NA,63.1666666666667,13.1,2.8,NA,7.95,0,0,0,0
3,"15","Pure Grass",3,25,32.33,NA,28.665,63.6,2.8,NA,33.2,0.7596225,0.7596225,7.95,28.665
4,"15","Pure Grass",4,25,32.33,NA,28.665,63.6,2.8,NA,33.2,3.17226,3.9318825,33.2,57.33
5,"15","Pure Grass",5,25,51.25,NA,38.125,63.6,47.4,NA,55.5,4.21916666666667,8.15104916666667,NA,95.455
6,"15","Pure Grass",6,11.75,51.25,NA,31.5,64.5,47.4,NA,55.95,5.8275,13.9785491666667,55.5,126.955
7,"15","Pure Grass",7,11.75,51.25,NA,31.5,64.5,47.4,NA,55.95,5.87475,19.8532991666667,55.95,158.455
8,"15","Pure Grass",8,11.75,51.25,NA,31.5,64.5,47.4,NA,55.95,5.87475,25.7280491666667,NA,189.955
9,"15","Pure Grass",9,11.75,11.75,NA,11.75,64.5,55.9,NA,60.2,2.191375,27.9194241666667,NA,201.705
10,"15","Pure Grass",10,16.4,11.75,NA,14.075,65.7,55.9,NA,60.8,2.82438333333333,30.7438075,60.2,215.78
11,"15","Pure Grass",11,16.4,11.75,NA,14.075,65.7,55.9,NA,60.8,2.85253333333333,33.5963408333333,60.8,229.855
12,"15","Pure Grass",12,16.4,11.75,NA,14.075,65.7,55.9,NA,60.8,2.85253333333333,36.4488741666667,NA,243.93
13,"15","Pure Grass",13,16.4,11,NA,13.7,65.7,53,NA,59.35,2.77653333333333,39.2254075,NA,257.63
14,"15","Pure Grass",14,16.4,11,NA,13.7,65.7,53,NA,59.35,2.71031666666667,41.9357241666667,59.35,271.33
15,"15","Pure Grass",15,3.5,11,NA,7.25,4.2,53,NA,28.6,1.43429166666667,43.3700158333333,NA,278.58
16,"15","Pure Grass",16,3.5,11,NA,7.25,4.2,53,NA,28.6,0.691166666666667,44.0611825,28.6,285.83
17,"15","Pure Grass",17,3.5,20.5,NA,12,4.2,48.8,NA,26.5,1.144,45.2051825,NA,297.83
18,"15","Pure Grass",18,3.5,20.5,NA,12,4.2,48.8,NA,26.5,1.06,46.2651825,26.5,309.83
19,"15","Pure Grass",19,3.5,20.5,NA,12,4.2,48.8,NA,26.5,1.06,47.3251825,NA,321.83
20,"15","Pure Grass",20,3.5,20.5,NA,12,4.2,48.8,NA,26.5,1.06,48.3851825,NA,333.83
21,"15","Pure Grass",21,3.5,7,NA,5.25,4.2,57.9,NA,31.05,0.46375,48.8489325,NA,339.08
22,"15","Pure Grass",22,3.5,7,NA,5.25,4.2,57.9,NA,31.05,0.543375,49.3923075,31.05,344.33
23,"15","Pure Grass",23,8.33333333333333,7,NA,7.66666666666667,4.2,57.9,NA,31.05,0.7935,50.1858075,NA,351.996666666667
24,"15","Pure Grass",24,8.33,7,NA,7.665,4.2,57.9,NA,31.05,0.7933275,50.979135,NA,359.661666666667
25,"15","Pure Grass",25,8.33,5,NA,6.665,4.2,58.6,NA,31.4,0.6898275,51.6689625,NA,366.326666666667
26,"15","Pure Grass",26,19.5,5,NA,12.25,32,58.6,NA,45.3,1.28216666666667,52.9511291666667,31.4,378.576666666667
27,"15","Pure Grass",27,19.5,5,NA,12.25,32,58.6,NA,45.3,1.84975,54.8008791666667,NA,390.826666666667
28,"15","Pure Grass",28,27,5,NA,16,31.1,58.6,NA,44.85,2.416,57.2168791666667,45.3,406.826666666667
29,"15","Pure Grass",29,27,21,NA,24,31.1,50.1,NA,40.6,3.588,60.8048791666667,44.85,430.826666666667
30,"15","Pure Grass",30,9.16666666666667,21,NA,15.0833333333333,65.8,50.1,NA,57.95,2.04127777777778,62.8461569444444,40.6,445.91
31,"15","Pure Grass",31,9.17,21,NA,15.085,65.8,50.1,NA,57.95,2.91391916666667,65.7600761111111,57.95,460.995
32,"15","Pure Grass",32,9.17,21,NA,15.085,65.8,50.1,NA,57.95,2.91391916666667,68.6739952777778,NA,476.08
33,"15","Pure Grass",33,9.17,11.3333333333333,NA,10.2516666666667,65.8,53,NA,59.4,1.98028027777778,70.6542755555556,70.6542755555556,486.331666666667
34,"15","Pure Grass",34,9.17,11.3,NA,10.235,65.8,53,NA,59.4,2.02653,72.6808055555556,59.4,496.566666666667
35,"15","Pure Grass",35,55,11.3,NA,33.15,65.8,53,NA,59.4,6.5637,79.2445055555555,59.4,529.716666666667
36,"15","10:1",1,NA,NA,NA,NA,0,0,NA,0,NA,NA,NA,NA
37,"15","10:1",2,99,53,NA,76,31.9,4.3,NA,18.1,0,0,0,76
38,"15","10:1",3,20.3333333333333,53,NA,36.6666666666667,43.8,4.3,NA,24.05,1.10611111111111,1.10611111111111,18.1,112.666666666667
39,"15","10:1",4,20.333,53,NA,36.6665,43.8,4.3,NA,24.05,1.46971554166667,2.57582665277778,24.05,149.333166666667
40,"15","10:1",5,20.33,31.25,NA,25.79,43.8,69.9,NA,56.85,1.03374916666667,3.60957581944444,24.05,175.123166666667
41,"15","10:1",6,20.33,31.25,NA,25.79,43.8,69.9,NA,56.85,2.4436025,6.05317831944444,56.85,200.913166666667
42,"15","10:1",7,20.33,31.25,NA,25.79,43.8,69.9,NA,56.85,2.4436025,8.49678081944444,NA,226.703166666667
43,"15","10:1",8,20.33,31.25,NA,25.79,43.8,69.9,NA,56.85,2.4436025,10.9403833194444,NA,252.493166666667
44,"15","10:1",9,20.33,25.25,NA,22.79,43.8,68.7,NA,56.25,2.1593525,13.0997358194444,NA,275.283166666667
45,"15","10:1",10,74.4,25.25,NA,49.825,73.9,68.7,NA,71.3,4.67109375,17.7708295694444,56.25,325.108166666667
46,"15","10:1",11,74.4,25.25,NA,49.825,73.9,68.7,NA,71.3,5.92087083333333,23.6917004027778,71.3,374.933166666667
47,"15","10:1",12,74.4,25.25,NA,49.825,73.9,68.7,NA,71.3,5.92087083333333,29.6125712361111,NA,424.758166666667
48,"15","10:1",13,74.4,28.75,NA,51.575,73.9,17.3,NA,45.6,6.12882916666667,35.7414004027778,NA,476.333166666667
49,"15","10:1",14,74.4,28.75,NA,51.575,73.9,17.3,NA,45.6,3.9197,39.6611004027778,45.6,527.908166666667
50,"15","10:1",15,13,28.75,NA,20.875,58.3,17.3,NA,37.8,1.5865,41.2476004027778,NA,548.783166666667
51,"15","10:1",16,13,28.75,NA,20.875,58.3,17.3,NA,37.8,1.315125,42.5627254027778,37.8,569.658166666667
52,"15","10:1",17,13,11.25,NA,12.125,58.3,46.2,NA,52.25,0.763875,43.3266004027778,NA,581.783166666667
53,"15","10:1",18,13,11.25,NA,12.125,58.3,46.2,NA,52.25,1.05588541666667,44.3824858194445,52.25,593.908166666667
54,"15","10:1",19,13,11.25,NA,12.125,58.3,46.2,NA,52.25,1.05588541666667,45.4383712361111,NA,606.033166666667
55,"15","10:1",20,13,11.25,NA,12.125,58.3,46.2,NA,52.25,1.05588541666667,46.4942566527778,NA,618.158166666667
56,"15","10:1",21,13,13.5,NA,13.25,58.3,44.8,NA,51.55,1.15385416666667,47.6481108194445,NA,631.408166666667
57,"15","10:1",22,13,13.5,NA,13.25,58.3,44.8,NA,51.55,1.13839583333333,48.7865066527778,51.55,644.658166666667
58,"15","10:1",23,13,13.5,NA,13.25,58.3,44.8,NA,51.55,1.13839583333333,49.9249024861111,NA,657.908166666667
59,"15","10:1",24,13,13.5,NA,13.25,58.3,44.8,NA,51.55,1.13839583333333,51.0632983194445,NA,671.158166666667
60,"15","10:1",25,13,26.25,NA,19.625,58.3,69.5,NA,63.9,1.68611458333333,52.7494129027778,NA,690.783166666667
61,"15","10:1",26,25,26.25,NA,25.625,47.7,69.5,NA,58.6,2.7290625,55.4784754027778,63.9,716.408166666667
62,"15","10:1",27,25,26.25,NA,25.625,47.7,69.5,NA,58.6,2.50270833333333,57.9811837361111,58.6,742.033166666667
63,"15","10:1",28,6,26.25,NA,16.125,8.6,69.5,NA,39.05,1.574875,59.5560587361111,NA,758.158166666667
64,"15","10:1",29,6,21.25,NA,13.625,8.6,61.8,NA,35.2,0.886760416666667,60.4428191527778,39.05,771.783166666667
65,"15","10:1",30,123.666666666667,21.25,NA,72.4583333333333,75.5,61.8,NA,68.65,4.25088888888889,64.6937080416667,35.2,844.2415
66,"15","10:1",31,123.7,21.25,NA,72.475,75.5,61.8,NA,68.65,8.29234791666667,72.9860559583334,68.65,916.7165
67,"15","10:1",32,123.7,21.25,NA,72.475,75.5,61.8,NA,68.65,8.29234791666667,81.278403875,NA,989.1915
68,"15","10:1",33,123.7,58.3333333333333,NA,91.0166666666667,75.5,61.5,NA,68.5,10.4138236111111,91.6922274861111,NA,1080.20816666667
69,"15","10:1",34,123.7,58.33,NA,91.015,75.5,61.5,NA,68.5,10.3908791666667,102.083106652778,68.5,1171.22316666667
70,"15","10:1",35,123.7,58.33,NA,91.015,75.5,61.5,NA,68.5,10.3908791666667,112.473985819444,68.5,1262.23816666667
71,"15","5:1",1,NA,NA,NA,NA,0,0,NA,0,NA,NA,NA,NA
72,"15","5:1",2,4,62,NA,33,52.9,3.7,NA,28.3,0,0,0,33
73,"15","5:1",3,3.78947368421053,11,NA,7.39473684210526,52.9,3.7,NA,28.3,2.09271052631579,2.09271052631579,28.3,40.3947368421053
74,"15","5:1",4,3.78947368421053,11,NA,7.39473684210526,52.9,5,NA,28.95,2.09271052631579,4.18542105263158,NA,47.7894736842105
75,"15","5:1",5,3.78947368421053,14,NA,8.89473684210526,52.9,5,NA,28.95,2.57502631578947,6.76044736842105,28.95,56.6842105263158
76,"15","5:1",6,3.78947368421053,14,NA,8.89473684210526,52.9,67.9,NA,60.4,2.57502631578947,9.33547368421053,NA,65.578947368421
77,"15","5:1",7,3.78947368421053,2.85714285714286,NA,3.32330827067669,52.9,67.9,NA,60.4,2.00727819548872,11.3427518796992,60.4,68.9022556390977
78,"15","5:1",8,3.78947368421053,2.85,NA,3.31973684210526,52.9,67.9,NA,60.4,2.00512105263158,13.3478729323308,NA,72.221992481203
79,"15","5:1",9,3.78947368421053,2.85,NA,3.31973684210526,52.9,67.9,NA,60.4,2.00512105263158,15.3529939849624,NA,75.5417293233082
80,"15","5:1",10,3.78947368421053,2.85,NA,3.31973684210526,52.9,67.9,NA,60.4,2.00512105263158,17.358115037594,NA,78.8614661654135
81,"15","5:1",11,3.78947368421053,2.85,NA,3.31973684210526,52.9,67.9,NA,60.4,2.00512105263158,19.3632360902256,NA,82.1812030075188
82,"15","5:1",12,3.78947368421053,2.85,NA,3.31973684210526,52.9,67.9,NA,60.4,2.00512105263158,21.3683571428571,NA,85.500939849624
83,"15","5:1",13,3.78947368421053,2.85,NA,3.31973684210526,52.9,67.9,NA,60.4,2.00512105263158,23.3734781954887,NA,88.8206766917293
84,"15","5:1",14,3.78947368421053,2.85,NA,3.31973684210526,52.9,61.3,NA,57.1,2.00512105263158,25.3785992481203,NA,92.1404135338345
85,"15","5:1",15,3.78947368421053,14,NA,8.89473684210526,52.9,61.3,NA,57.1,5.07889473684211,30.4574939849624,57.1,101.03515037594
86,"15","5:1",16,3.78947368421053,14,NA,8.89473684210526,52.9,42.1,NA,47.5,5.07889473684211,35.5363887218045,NA,109.929887218045
87,"15","5:1",17,3.78947368421053,6,NA,4.89473684210526,52.9,42.1,NA,47.5,2.325,37.8613887218045,47.5,114.82462406015
88,"15","5:1",18,3.78947368421053,6,NA,4.89473684210526,52.9,42.1,NA,47.5,2.325,40.1863887218045,NA,119.719360902256
89,"15","5:1",19,3.78947368421053,6,NA,4.89473684210526,52.9,42.1,NA,47.5,2.325,42.5113887218045,NA,124.614097744361
90,"15","5:1",20,3.78947368421053,6,NA,4.89473684210526,52.9,55.3,NA,54.1,2.325,44.8363887218045,NA,129.508834586466
91,"15","5:1",21,3.78947368421053,5,NA,4.39473684210526,52.9,55.3,NA,54.1,2.37755263157895,47.2139413533835,54.1,133.903571428571
92,"15","5:1",22,3.78947368421053,5,NA,4.39473684210526,54.5,55.3,NA,54.9,2.37755263157895,49.5914939849624,NA,138.298308270677
93,"15","5:1",23,11.6666666666667,5,NA,8.33333333333333,54.5,55.3,NA,54.9,4.575,54.1664939849624,54.9,146.63164160401
94,"15","5:1",24,11.67,5,NA,8.335,54.5,55.3,NA,54.9,4.575915,58.7424089849624,NA,154.96664160401
95,"15","5:1",25,11.67,5,NA,8.335,54.5,55.3,NA,54.9,4.575915,63.3183239849624,NA,163.30164160401
96,"15","5:1",26,17,8,NA,12.5,54.5,55.3,NA,54.9,6.8625,70.1808239849624,NA,175.80164160401
97,"15","5:1",27,17,8,NA,12.5,16.2,55.3,NA,35.75,6.8625,77.0433239849624,NA,188.30164160401
98,"15","5:1",28,43.5,8,NA,25.75,16.2,14.2,NA,15.2,9.205625,86.2489489849624,35.75,214.05164160401
99,"15","5:1",29,43.6,17,NA,30.3,11.8,14.3,NA,13.05,4.6056,90.8545489849624,15.2,244.35164160401
100,"15","5:1",30,12.5,17,NA,14.75,11.8,14.2,NA,13,1.924875,92.7794239849624,13.05,259.10164160401
101,"15","5:1",31,12.5,17,NA,14.75,11.8,7.8,NA,9.8,1.9175,94.6969239849624,13,273.85164160401
102,"15","5:1",32,12.5,8.33333333333333,NA,10.4166666666667,11.8,7.8,NA,9.8,1.02083333333333,95.7177573182958,9.8,284.268308270677
103,"15","5:1",33,12.5,8.33,NA,10.415,11.8,7.8,NA,9.8,1.02067,96.7384273182957,NA,294.683308270677
104,"15","5:1",34,12.5,8.33,NA,10.415,11.8,35.9,NA,23.85,1.02067,97.7590973182957,NA,305.098308270677
105,"15","5:1",35,12.6,37,NA,24.8,91.4,76.7,NA,84.05,5.9148,103.673897318296,23.85,329.898308270677
106,"15","4:1",1,NA,NA,NA,NA,0,0,NA,0,NA,NA,NA,NA
107,"15","4:1",2,365,34,NA,199.5,12.9,15.5,NA,14.2,0,0,0,199.5
108,"15","4:1",3,29.6666666666667,10.5,NA,20.0833333333333,12.9,15.5,NA,14.2,2.85183333333333,2.85183333333333,14.2,219.583333333333
109,"15","4:1",4,29.67,10.5,NA,20.085,12.9,52.5,NA,32.7,2.85207,5.70390333333333,NA,239.668333333333
110,"15","4:1",5,29.67,10.5,NA,20.085,13.1,52.5,NA,32.8,6.567795,12.2716983333333,32.7,259.753333333333
111,"15","4:1",6,10.875,10.5,NA,10.6875,13.1,51.4,NA,32.25,3.5055,15.7771983333333,32.8,270.440833333333
112,"15","4:1",7,10.875,2.33333333333333,NA,6.60416666666667,13.1,51.4,NA,32.25,2.12984375,17.9070420833333,32.25,277.045
113,"15","4:1",8,10.875,2.33,NA,6.6025,13.1,51.4,NA,32.25,2.12930625,20.0363483333333,NA,283.6475
114,"15","4:1",9,10.875,2.3,NA,6.5875,13.1,51.4,NA,32.25,2.12446875,22.1608170833333,NA,290.235
115,"15","4:1",10,10.875,2.33,NA,6.6025,13.1,51.4,NA,32.25,2.12930625,24.2901233333333,NA,296.8375
116,"15","4:1",11,10.875,2.33,NA,6.6025,13.1,51.4,NA,32.25,2.12930625,26.4194295833333,NA,303.44
117,"15","4:1",12,10.875,2.33,NA,6.6025,13.1,77.8,NA,45.45,2.12930625,28.5487358333333,NA,310.0425
118,"15","4:1",13,10.875,14,NA,12.4375,13.1,77.8,NA,45.45,5.65284375,34.2015795833333,45.45,322.48
119,"15","4:1",14,10.875,14,NA,12.4375,65.2,59.2,NA,62.2,5.65284375,39.8544233333333,NA,334.9175
120,"15","4:1",15,5.71428571428571,13,NA,9.35714285714286,65.2,59.2,NA,62.2,5.82014285714286,45.6745661904762,62.2,344.274642857143
121,"15","4:1",16,5.71428571428571,13,NA,9.35714285714286,65.2,59.2,NA,62.2,5.82014285714286,51.494709047619,NA,353.631785714286
122,"15","4:1",17,5.71428571428571,7,NA,6.35714285714286,65.2,59.2,NA,62.2,3.95414285714286,55.4488519047619,NA,359.988928571429
123,"15","4:1",18,5.71428571428571,7,NA,6.35714285714286,65.2,59.2,NA,62.2,3.95414285714286,59.4029947619048,NA,366.346071428571
124,"15","4:1",19,5.71428571428571,7,NA,6.35714285714286,65.2,59.2,NA,62.2,3.95414285714286,63.3571376190476,NA,372.703214285714
125,"15","4:1",20,5.71428571428571,7,NA,6.35714285714286,65.2,65.7,NA,65.45,3.95414285714286,67.3112804761905,NA,379.060357142857
126,"15","4:1",21,5.71428571428571,3,NA,4.35714285714286,65.2,65.7,NA,65.45,2.85175,70.1630304761905,65.45,383.4175
127,"15","4:1",22,5.71428571428571,3,NA,4.35714285714286,55.3,65.7,NA,60.5,2.85175,73.0147804761905,NA,387.774642857143
128,"15","4:1",23,15,3,NA,9,55.3,65.7,NA,60.5,5.445,78.4597804761905,60.5,396.774642857143
129,"15","4:1",24,15,3,NA,9,55.3,65.7,NA,60.5,5.445,83.9047804761905,NA,405.774642857143
130,"15","4:1",25,15,3,NA,9,27.5,65.7,NA,46.6,5.445,89.3497804761905,NA,414.774642857143
131,"15","4:1",26,27,3,NA,15,27.5,65.7,NA,46.6,6.99,96.3397804761905,46.6,429.774642857143
132,"15","4:1",27,27,3,NA,15,10,65.7,NA,37.85,6.99,103.32978047619,NA,444.774642857143
133,"15","4:1",28,5.5,3,NA,4.25,10,62.2,NA,36.1,1.608625,104.93840547619,37.85,449.024642857143
134,"15","4:1",29,5.5,5.66666666666667,NA,5.58333333333333,52.5,62.2,NA,57.35,2.01558333333333,106.953988809524,36.1,454.607976190476
135,"15","4:1",30,3.33333333333333,5.67,NA,4.50166666666667,52.5,62.2,NA,57.35,2.58170583333333,109.535694642857,57.35,459.109642857143
136,"15","4:1",31,3.33,5.67,NA,4.5,52.5,53,NA,52.75,2.58075,112.116444642857,NA,463.609642857143
137,"15","4:1",32,3.33,7,NA,5.165,52.5,53,NA,52.75,2.7245375,114.840982142857,52.75,468.774642857143
138,"15","4:1",33,3.33,7,NA,5.165,52.5,53,NA,52.75,2.7245375,117.565519642857,NA,473.939642857143
139,"15","4:1",34,3.33,7,NA,5.165,52.5,33.3,NA,42.9,2.7245375,120.290057142857,NA,479.104642857143
140,"15","4:1",35,20,15,NA,17.5,74.6,28.8,NA,51.7,7.5075,127.797557142857,42.9,496.604642857143
141,"15","3:1",1,NA,NA,NA,NA,0,2.2,NA,1.1,NA,NA,NA,NA
142,"15","3:1",2,190,41,NA,115.5,20.2,2.2,NA,11.2,0.317625,0.317625,1.1,28.875
143,"15","3:1",3,29,54.5,NA,41.75,20.2,15.9,NA,18.05,1.169,1.486625,11.2,39.3125
144,"15","3:1",4,29,54.5,NA,41.75,20.2,15.9,NA,18.05,1.88396875,3.37059375,18.05,49.75
145,"15","3:1",5,29,25.5,NA,27.25,8,32.4,NA,20.2,1.22965625,4.60025,18.05,56.5625
146,"15","3:1",6,6,25.5,NA,15.75,8,32.4,NA,20.2,0.795375,5.395625,20.2,60.5
147,"15","3:1",7,6,16.6666666666667,NA,11.3333333333333,8,86.1,NA,47.05,0.572333333333333,5.96795833333333,NA,63.3333333333333
148,"15","3:1",8,6,16.67,NA,11.335,8,86.1,NA,47.05,1.333279375,7.30123770833333,47.05,66.1670833333333
149,"15","3:1",9,6,16.67,NA,11.335,45.7,86.1,NA,65.9,1.333279375,8.63451708333333,NA,69.0008333333333
150,"15","3:1",10,10.8,16.67,NA,13.735,45.7,86.1,NA,65.9,2.26284125,10.8973583333333,65.9,72.4345833333333
151,"15","3:1",11,10.8,16.67,NA,13.735,45.7,86.1,NA,65.9,2.26284125,13.1601995833333,NA,75.8683333333333
152,"15","3:1",12,10.8,16.67,NA,13.735,45.7,86.1,NA,65.9,2.26284125,15.4230408333333,NA,79.3020833333333
153,"15","3:1",13,10.8,120,NA,65.4,45.7,15.2,NA,30.45,10.77465,26.1976908333333,NA,95.6520833333333
154,"15","3:1",14,10.8,120,NA,65.4,69,15.2,NA,42.1,4.978575,31.1762658333333,30.45,112.002083333333
155,"15","3:1",15,107.142857142857,25,NA,66.0714285714286,69,8.6,NA,38.8,6.95401785714286,38.1302836904762,42.1,128.51994047619
156,"15","3:1",16,107.142857142857,25,NA,66.0714285714286,69,8.6,NA,38.8,6.40892857142857,44.5392122619048,38.8,145.037797619048
157,"15","3:1",17,107.142857142857,105,NA,106.071428571429,69,50.2,NA,59.6,10.2889285714286,54.8281408333333,NA,171.555654761905
158,"15","3:1",18,107.142857142857,105,NA,106.071428571429,69,50.2,NA,59.6,15.8046428571429,70.6327836904762,59.6,198.073511904762
159,"15","3:1",19,107.142857142857,105,NA,106.071428571429,69,50.2,NA,59.6,15.8046428571429,86.437426547619,NA,224.591369047619
160,"15","3:1",20,107.142857142857,105,NA,106.071428571429,69,50.2,NA,59.6,15.8046428571429,102.242069404762,NA,251.109226190476
161,"15","3:1",21,107.142857142857,14,NA,60.5714285714286,69,35.2,NA,52.1,9.02514285714286,111.267212261905,NA,266.252083333333
162,"15","3:1",22,107.142857142857,14,NA,60.5714285714286,75.3,35.2,NA,55.25,7.88942857142857,119.156640833333,52.1,281.39494047619
163,"15","3:1",23,185.666666666667,14,NA,99.8333333333333,75.3,35.2,NA,55.25,13.7894791666667,132.94612,55.25,306.353273809524
164,"15","3:1",24,185.6,14,NA,99.8,75.3,35.2,NA,55.25,13.784875,146.730995,NA,331.303273809524
165,"15","3:1",25,185.6,14,NA,99.8,64.8,35.2,NA,50,13.784875,160.51587,NA,356.253273809524
166,"15","3:1",26,7,14,NA,10.5,64.8,35.2,NA,50,1.3125,161.82837,50,358.878273809524
167,"15","3:1",27,7,14,NA,10.5,3,35.2,NA,19.1,1.3125,163.14087,NA,361.503273809524
168,"15","3:1",28,56.5,14,NA,35.25,3,35.2,NA,19.1,1.6831875,164.8240575,52,370.315773809524
169,"15","3:1",29,56.5,28.3333333333333,NA,42.4166666666667,54.2,54.9,NA,54.55,2.02539583333333,166.849453333333,NA,380.91994047619
170,"15","3:1",30,2.33333333333333,28.33,NA,15.3316666666667,54.2,54.9,NA,54.55,2.09085604166667,168.940309375,54.55,384.752857142857
171,"15","3:1",31,2.33,28.33,NA,15.33,54.2,54.9,NA,54.55,2.09062875,171.030938125,NA,388.585357142857
172,"15","3:1",32,2.33,40,NA,21.165,54.2,39.4,NA,46.8,2.886376875,173.917315,NA,393.876607142857
173,"15","3:1",33,2.33,40,NA,21.165,54.2,39.4,NA,46.8,2.476305,176.39362,46.8,399.167857142857
174,"15","3:1",34,2.33,40,NA,21.165,54.2,39.4,NA,46.8,2.476305,178.869925,NA,404.459107142857
175,"15","3:1",35,2.33,136,NA,69.165,80.6,70.9,NA,75.75,8.092305,186.96223,31.8,421.750357142857
176,"15","2:1",1,NA,NA,NA,NA,NA,NA,NA,NA,NA,NA,NA,NA
177,"15","2:1",2,180,94,51,108.333333333333,4.3,26.1,11.5,13.9666666666667,0,0,0,108.333333333333
178,"15","2:1",3,3.33,16,16,11.7766666666667,6.2,3.3,20,9.83333333333333,1.09653851851852,1.09653851851852,13.9666666666667,120.11
179,"15","2:1",4,3.33,16,16,11.7766666666667,6.2,3.3,20,9.83333333333333,0.772025925925926,1.86856444444444,9.83333333333333,131.886666666667
180,"15","2:1",5,3.33,16,16,11.7766666666667,6.2,3.3,20,9.83333333333333,0.772025925925926,2.64059037037037,NA,143.663333333333
181,"15","2:1",6,4,30.33,9.16666666666667,14.4988888888889,5.6,1.3,13,6.63333333333333,0.950482716049383,3.59107308641975,NA,158.162222222222
182,"15","2:1",7,4,30.33,9.16,14.4966666666667,5.6,1.3,13,6.63333333333333,0.641074814814815,4.23214790123457,6.63333333333333,172.658888888889
183,"15","2:1",8,4,30.33,9.16,14.4966666666667,5.6,1.3,13,6.63333333333333,0.641074814814815,4.87322271604938,NA,187.155555555556
184,"15","2:1",9,3.33,28.3333333333333,9.17,13.6111111111111,4.3,34,13,17.1,0.601913580246914,5.4751362962963,NA,200.766666666667
185,"15","2:1",10,3.33,28.33,9.16,13.6066666666667,4.3,34,13,17.1,1.55116,7.02629629629629,17.1,214.373333333333
186,"15","2:1",11,3.33,28.33,9.16,13.6066666666667,4.3,34,13,17.1,1.55116,8.57745629629629,NA,227.98
187,"15","2:1",12,1.66666666666667,31.3333333333333,14,15.6666666666667,4.1,13.3,32,16.4666666666667,1.786,10.3634562962963,NA,243.646666666667
188,"15","2:1",13,1.67,31.33,14,15.6666666666667,4.1,13.3,32,16.4666666666667,1.71985185185185,12.0833081481481,16.4666666666667,259.313333333333
189,"15","2:1",14,1.67,31.33,14,15.6666666666667,4.1,13.3,32,16.4666666666667,1.71985185185185,13.80316,NA,274.98
190,"15","2:1",15,14,17.1666666666667,36,22.3888888888889,7.1,5.4,66.8,26.4333333333333,2.4578024691358,16.2609624691358,NA,297.368888888889
191,"15","2:1",16,14,17.17,36,22.39,7.1,5.4,66.8,26.4333333333333,3.94561555555556,20.2065780246914,26.4333333333333,319.758888888889
192,"15","2:1",17,14,17.17,36,22.39,7.1,5.4,66.8,26.4333333333333,3.94561555555556,24.1521935802469,NA,342.148888888889
193,"15","2:1",18,14,17.17,40,23.7233333333333,7.1,7.8,59.4,24.7666666666667,4.18057851851852,28.3327720987654,NA,365.872222222222
194,"15","2:1",19,14,17.17,40,23.7233333333333,7.1,7.8,59.4,24.7666666666667,3.91698592592593,32.2497580246914,24.7666666666667,389.595555555556
195,"15","2:1",20,14,17.17,40,23.7233333333333,7.1,7.8,59.4,24.7666666666667,3.91698592592593,36.1667439506173,NA,413.318888888889
196,"15","2:1",21,2,59,41,34,56.5,32,52.2,46.9,5.61377777777778,41.7805217283951,NA,447.318888888889
197,"15","2:1",22,2,59,41,34,56.5,32,52.2,46.9,10.6306666666667,52.4111883950617,46.9,481.318888888889
198,"15","2:1",23,2,59,41,34,56.5,32,52.2,46.9,10.6306666666667,63.0418550617284,NA,515.318888888889
199,"15","2:1",24,2,36.6666666666667,55.6666666666667,31.4444444444444,56.5,7.3,79.1,47.6333333333333,9.83162962962963,72.873484691358,NA,546.763333333333
200,"15","2:1",25,2,36.67,55.67,31.4466666666667,56.5,7.3,79.1,47.6333333333333,9.9860637037037,82.8595483950617,47.6333333333333,578.21
201,"15","2:1",26,2,36.67,55.67,31.4466666666667,56.5,7.3,79.1,47.6333333333333,9.9860637037037,92.8456120987654,NA,609.656666666667
202,"15","2:1",27,2,33.6666666666667,39.3333333333333,25,56.5,68.3,80.7,68.5,7.93888888888889,100.784500987654,NA,634.656666666667
203,"15","2:1",28,2,33.67,39.33,25,56.5,68.3,80.7,68.5,11.4166666666667,112.201167654321,68.5,659.656666666667
204,"15","2:1",29,2,33.67,39.33,25,56.5,68.3,80.7,68.5,11.4166666666667,123.617834320988,NA,684.656666666667
205,"15","2:1",30,40,41.6666666666667,37.6666666666667,39.7777777777778,62,5.7,57.5,41.7333333333333,18.1651851851852,141.783019506173,NA,724.434444444445
206,"15","2:1",31,40,41.67,37.67,39.78,62,5.7,57.5,41.7333333333333,11.06768,152.850699506173,41.7333333333333,764.214444444445
207,"15","2:1",32,40,41.67,37.67,39.78,62,5.7,57.5,41.7333333333333,11.06768,163.918379506173,NA,803.994444444445
208,"15","2:1",33,4,35.6666666666667,17.6666666666667,19.1111111111111,83.1,NA,63.7,73.4,5.31713580246914,169.235515308642,NA,823.105555555556
209,"15","2:1",34,4,35.67,17.67,19.1133333333333,83.1,NA,63.7,73.4,9.35279111111111,178.588306419753,NA,842.218888888889
210,"15","2:1",35,4,35.67,17.67,19.1133333333333,83.1,NA,63.7,73.4,9.35279111111111,187.941097530864,73.4,861.332222222222
211,"15","1:1",1,NA,NA,NA,NA,NA,NA,NA,NA,NA,NA,NA,NA
212,"15","1:1",2,207,92,285,194.666666666667,16.9,12.6,17.8,15.7666666666667,0,0,0,194.666666666667
213,"15","1:1",3,4.33333333333333,20,15,13.1111111111111,31,4.8,20.8,18.8666666666667,4.13437037037037,4.13437037037037,15.7666666666667,207.777777777778
214,"15","1:1",4,4.333,20,15,13.111,31,4.8,20.8,18.8666666666667,4.94721733333333,9.0815877037037,18.8666666666667,220.888777777778
215,"15","1:1",5,4.333,20,15,13.111,31,4.8,20.8,18.8666666666667,4.94721733333333,14.028805037037,NA,233.999777777778
216,"15","1:1",6,10,8.33333333333333,9,9.11111111111111,42.5,11.8,19.7,24.6666666666667,3.43792592592593,17.466730962963,NA,243.110888888889
217,"15","1:1",7,10,8.333,9,9.111,42.5,11.8,19.7,24.6666666666667,4.49476,21.961490962963,24.6666666666667,252.221888888889
218,"15","1:1",8,10,8.33,9,9.11,42.5,11.8,19.7,24.6666666666667,4.49426666666667,26.4557576296296,NA,261.331888888889
219,"15","1:1",9,13,15,18.6666666666667,15.5555555555556,52.6,37.6,49.4,46.5333333333333,7.67407407407407,34.1298317037037,NA,276.887444444444
220,"15","1:1",10,13,15,18.67,15.5566666666667,52.6,37.6,49.4,46.5333333333333,14.4780711111111,48.6079028148148,46.5333333333333,292.444111111111
221,"15","1:1",11,13,15,18.67,15.5566666666667,52.6,37.6,49.4,46.5333333333333,14.4780711111111,63.0859739259259,NA,308.000777777778
222,"15","1:1",12,14.3333333333333,14,15,14.4444444444444,47.5,52.3,13.6,37.8,13.442962962963,76.5289368888889,NA,322.445222222222
223,"15","1:1",13,14.33,14,15,14.4433333333333,47.5,52.3,13.6,37.8,10.91916,87.4480968888889,37.8,336.888555555556
224,"15","1:1",14,14.33,14,15,14.4433333333333,47.5,52.3,13.6,37.8,10.91916,98.3672568888889,NA,351.331888888889
225,"15","1:1",15,9.33333333333333,1,10,6.77777777777778,66.3,34.5,17.1,39.3,5.124,103.491256888889,NA,358.109666666667
226,"15","1:1",16,9.33,1,10,6.77666666666667,66.3,34.5,17.1,39.3,5.32646,108.817716888889,39.3,364.886333333333
227,"15","1:1",17,9.33,1,10,6.77666666666667,66.3,34.5,17.1,39.3,5.32646,114.144176888889,NA,371.663
228,"15","1:1",18,1,1,14.3333333333333,5.44444444444445,37.1,34.5,27.1,32.9,4.27933333333333,118.423510222222,NA,377.107444444444
229,"15","1:1",19,2,1,14.33,5.77666666666667,37.1,34.5,27.1,32.9,3.80104666666667,122.224556888889,32.9,382.884111111111
230,"15","1:1",20,1,1,14.33,5.44333333333333,37.1,34.5,27.1,32.9,3.58171333333333,125.806270222222,NA,388.327444444444
231,"15","1:1",21,2,1,15.6666666666667,6.22222222222222,37.1,34.5,10.9,27.5,4.09422222222222,129.900492444444,NA,394.549666666667
232,"15","1:1",22,1,1,15.67,5.89,37.1,34.5,10.9,27.5,3.2395,133.139992444444,27.5,400.439666666667
233,"15","1:1",23,2,1,15.67,6.22333333333333,37.1,34.5,10.9,27.5,3.42283333333333,136.562825777778,NA,406.663
234,"15","1:1",24,9,1,13.6666666666667,7.88888888888889,17.7,34.5,1.6,17.9333333333333,4.33888888888889,140.901714666667,NA,414.551888888889
235,"15","1:1",25,9,1,13.67,7.89,17.7,34.5,1.6,17.9333333333333,2.82988,143.731594666667,17.9333333333333,422.441888888889
236,"15","1:1",26,9,1,13.67,7.89,17.7,34.5,1.6,17.9333333333333,2.82988,146.561474666667,NA,430.331888888889
237,"15","1:1",27,9,14.5,12.6666666666667,12.0555555555556,6.1,11.8,3,6.96666666666667,4.32392592592593,150.885400592593,NA,442.387444444444
238,"15","1:1",28,9,14.5,12.67,12.0566666666667,6.1,11.8,3,6.96666666666667,1.67989555555556,152.565296148148,6.96666666666667,454.444111111111
239,"15","1:1",29,9,14.5,12.67,12.0566666666667,6.1,11.8,3,6.96666666666667,1.67989555555556,154.245191703704,NA,466.500777777778
240,"15","1:1",30,7.66666666666667,14.5,12.67,11.6122222222222,14.3,11.8,20,15.3666666666667,1.61796962962963,155.863161333333,NA,478.113
241,"15","1:1",31,7.67,14.5,12.67,11.6133333333333,14.3,11.8,20,15.3666666666667,3.56916444444445,159.432325777778,15.3666666666667,489.726333333333
242,"15","1:1",32,7.67,14.5,12.67,11.6133333333333,14.3,11.8,20,15.3666666666667,3.56916444444445,163.001490222222,NA,501.339666666667
243,"15","1:1",33,20.6666666666667,1.66666666666667,6.66666666666667,9.66666666666667,12.7,1,4.2,5.96666666666667,2.97088888888889,165.972379111111,NA,511.006333333333
244,"15","1:1",34,20.67,1.67,6.67,9.67,12.7,1,4.2,5.96666666666667,1.15395333333333,167.126332444444,5.96666666666667,520.676333333333
245,"15","1:1",35,20.67,1.67,6.67,9.67,12.7,1,4.2,5.96666666666667,1.15395333333333,168.280285777778,NA,530.346333333333
246,"15","Pure Manure",1,NA,NA,NA,NA,NA,NA,NA,NA,NA,NA,NA,NA
247,"15","Pure Manure",2,25.5,355,1305,561.833333333333,15.9,8.3,7.5,10.5666666666667,0,0,0,561.833333333333
248,"15","Pure Manure",3,25.5,355,91.6666666666667,157.388888888889,0.1,13.1,41.2,18.1333333333333,8.31537962962963,8.31537962962963,10.5666666666667,719.222222222222
249,"15","Pure Manure",4,38.3333333333333,12.3333333333333,91.67,47.4455555555556,0.1,13.1,41.2,18.1333333333333,4.30173037037037,12.61711,18.1333333333333,766.667777777778
250,"15","Pure Manure",5,38.33,12.33,91.67,47.4433333333333,0.1,13.1,41.2,18.1333333333333,4.30152888888889,16.9186388888889,NA,814.111111111111
251,"15","Pure Manure",6,38.33,12.33,17.3333333333333,22.6644444444444,9.2,2.9,29.8,13.9666666666667,2.05490962962963,18.9735485185185,NA,836.775555555556
252,"15","Pure Manure",7,17,6.66666666666667,17.33,13.6655555555556,9.2,2.9,29.8,13.9666666666667,0.954311296296296,19.9278598148148,13.9666666666667,850.441111111111
253,"15","Pure Manure",8,17,6.67,17.33,13.6666666666667,9.2,2.9,29.8,13.9666666666667,0.954388888888889,20.8822487037037,NA,864.107777777778
254,"15","Pure Manure",9,17,6.67,15.6666666666667,13.1122222222222,8.3,24.9,38.6,23.9333333333333,0.915670185185185,21.7979188888889,NA,877.22
255,"15","Pure Manure",10,18.3333333333333,12.3333333333333,15.67,15.4455555555556,8.3,24.9,38.6,23.9333333333333,1.84831814814815,23.646237037037,23.9333333333333,892.665555555556
256,"15","Pure Manure",11,18.33,12.33,15.67,15.4433333333333,8.3,24.9,38.6,23.9333333333333,1.84805222222222,25.4942892592593,NA,908.108888888889
257,"15","Pure Manure",12,18.33,12.33,14.6666666666667,15.1088888888889,42.8,28,59.8,43.5333333333333,1.80803037037037,27.3023196296296,NA,923.217777777778
258,"15","Pure Manure",13,29,7.66666666666667,14.67,17.1122222222222,42.8,28,59.8,43.5333333333333,3.72476037037037,31.02708,43.5333333333333,940.33
259,"15","Pure Manure",14,29,7.667,14.67,17.1123333333333,42.8,28,59.8,43.5333333333333,3.72478455555556,34.7518645555556,NA,957.442333333334
260,"15","Pure Manure",15,29,7.667,20.3333333333333,19.0001111111111,10.7,36,13.44,20.0466666666667,4.13569085185185,38.8875554074074,NA,976.442444444445
261,"15","Pure Manure",16,31.3333333333333,37.3333333333333,20.33,29.6655555555556,10.7,36,13.44,20.0466666666667,2.97347751851852,41.8610329259259,20.0466666666667,1006.108
262,"15","Pure Manure",17,31.33,37.33,20.33,29.6633333333333,9.2,36,13.44,19.5466666666667,2.97325477777778,44.8342877037037,NA,1035.77133333333
263,"15","Pure Manure",18,31.33,37.33,177.333333333333,81.9977777777778,9.2,12.8,40,20.6666666666667,8.01391614814815,52.8482038518519,19.5466666666667,1117.76911111111
264,"15","Pure Manure",19,30.6666666666667,8.66666666666667,177.33,72.2211111111111,9.2,12.8,40,20.6666666666667,7.46284814814815,60.311052,20.6666666666667,1189.99022222222
265,"15","Pure Manure",20,30.67,8.67,177.33,72.2233333333333,9.2,12.8,40,20.6666666666667,7.46307777777778,67.7741297777778,NA,1262.21355555556
266,"15","Pure Manure",21,30.67,8.67,90,43.1133333333333,19.3,86.5,32.4,46.0666666666667,4.45504444444444,72.2291742222222,NA,1305.32688888889
267,"15","Pure Manure",22,16,3.33333333333333,90,36.4444444444444,19.3,86.5,32.4,46.0666666666667,8.39437037037037,80.6235445925926,46.0666666666667,1341.77133333333
268,"15","Pure Manure",23,16,3.33333333333333,90,36.4444444444444,19.3,86.5,32.4,46.0666666666667,8.39437037037037,89.017914962963,NA,1378.21577777778
269,"15","Pure Manure",24,16,3.33333333333333,27.6666666666667,15.6666666666667,14,86.5,34.3,44.9333333333333,3.60855555555555,92.6264705185185,NA,1393.88244444444
270,"15","Pure Manure",25,35.6666666666667,3.33333333333333,27.67,22.2233333333333,14,86.5,34.3,44.9333333333333,4.99284222222222,97.6193127407407,44.9333333333333,1416.10577777778
271,"15","Pure Manure",26,35.67,3.33333333333333,27.67,22.2244444444444,14,86.5,34.3,44.9333333333333,4.99309185185185,102.612404592593,NA,1438.33022222222
272,"15","Pure Manure",27,35.67,3.33333333333333,15,18.0011111111111,2,86.5,72.3,53.6,4.04424962962963,106.656654222222,NA,1456.33133333333
273,"15","Pure Manure",28,29.3333333333333,3.33333333333333,15,15.8888888888889,2,86.5,72.3,53.6,4.25822222222222,110.914876444444,53.6,1472.22022222222
274,"15","Pure Manure",29,29.33,3.33333333333333,15,15.8877777777778,2,86.5,72.3,53.6,4.25792444444444,115.172800888889,NA,1488.108
275,"15","Pure Manure",30,29.33,3.33333333333333,14,15.5544444444444,10,64.9,62.6,45.8333333333333,4.16859111111111,119.341392,NA,1503.66244444444
276,"15","Pure Manure",31,16.3333333333333,10.6666666666667,14,13.6666666666667,10,64.9,62.6,45.8333333333333,3.13194444444444,122.473336444444,45.8333333333333,1517.32911111111
277,"15","Pure Manure",32,16.33,10.67,14,13.6666666666667,10,64.9,62.6,45.8333333333333,3.13194444444444,125.605280888889,NA,1530.99577777778
278,"15","Pure Manure",33,16.33,10.67,15,14,6.7,79.4,50.9,45.6666666666667,3.20833333333333,128.813614222222,NA,1544.99577777778
279,"15","Pure Manure",34,46,12.5,15,24.5,6.7,79.4,50.9,45.6666666666667,5.59416666666667,134.407780888889,NA,1569.49577777778
280,"15","Pure Manure",35,46,12.5,15,24.5,6.7,79.4,50.9,45.6666666666667,5.59416666666667,140.001947555556,45.6666666666667,1593.99577777778
281,"25","Pure Grass",1,NA,NA,NA,NA,NA,NA,NA,NA,NA,NA,NA,NA
282,"25","Pure Grass",2,233,237,2,157.333333333333,15.2,0.7,0,5.3,0,0,0,157.333333333333
283,"25","Pure Grass",3,18.3333333333333,4.5,2,8.27777777777778,15.2,4.2,0,6.46666666666667,0.438722222222222,0.438722222222222,5.3,165.611111111111
284,"25","Pure Grass",4,18.33,4.5,2,8.27666666666667,15.2,4.2,35.2,18.2,0.535224444444444,0.973946666666667,6.46666666666667,173.887777777778
285,"25","Pure Grass",5,18.33,1.5,2,7.27666666666667,5.1,22.6,35.2,20.9666666666667,1.32435333333333,2.2983,18.2,181.164444444444
286,"25","Pure Grass",6,6,1.5,2,3.16666666666667,53.8,22.6,35.2,37.2,0.663944444444445,2.96224444444444,20.9666666666667,184.331111111111
287,"25","Pure Grass",7,6,1,2,3,53.8,22.3,35.2,37.1,1.116,4.07824444444444,37.2,187.331111111111
288,"25","Pure Grass",8,6,1,2,3,53.8,22.3,35.2,37.1,1.113,5.19124444444444,37.1,190.331111111111
289,"25","Pure Grass",9,6,1,2,3,53.8,22.3,35.2,37.1,1.113,6.30424444444444,NA,193.331111111111
290,"25","Pure Grass",10,9,1,2,4,76.9,22.3,35.2,44.8,1.484,7.78824444444444,NA,197.331111111111
291,"25","Pure Grass",11,9,1,6.66666666666667,5.55555555555556,76.9,22.3,1.6,33.6,2.48888888888889,10.2771333333333,44.8,202.886666666667
292,"25","Pure Grass",12,9,1,6.67,5.55666666666667,76.9,22.3,1.6,33.6,1.86704,12.1441733333333,33.6,208.443333333333
293,"25","Pure Grass",13,9,1,6.67,5.55666666666667,76.9,41.5,1.6,40,1.86704,14.0112133333333,33.6,214
294,"25","Pure Grass",14,9,1,7,5.66666666666667,76.9,41.5,59.5,59.3,2.26666666666667,16.27788,40,219.666666666667
295,"25","Pure Grass",15,10,1,7,6,64.1,32,59.5,51.8666666666667,3.558,19.83588,59.3,225.666666666667
296,"25","Pure Grass",16,10,1,7,6,64.1,32,59.5,51.8666666666667,3.112,22.94788,51.8666666666667,231.666666666667
297,"25","Pure Grass",17,10,1,4,5,64.1,66.4,13.6,48.0333333333333,2.59333333333333,25.5412133333333,NA,236.666666666667
298,"25","Pure Grass",18,10,1,4,5,64.1,66.4,13.6,48.0333333333333,2.40166666666667,27.94288,48.0333333333333,241.666666666667
299,"25","Pure Grass",19,10,1,4,5,64.1,66.4,13.6,48.0333333333333,2.40166666666667,30.3445466666667,NA,246.666666666667
300,"25","Pure Grass",20,10,1,5.66666666666667,5.55555555555556,64.1,66.4,73.5,68,2.66851851851852,33.0130651851852,NA,252.222222222222
301,"25","Pure Grass",21,10,1,5.67,5.55666666666667,64.1,34.3,73.5,57.3,3.77853333333333,36.7915985185185,68,257.778888888889
302,"25","Pure Grass",22,10,1,5.67,5.55666666666667,64.1,34.3,73.5,57.3,3.18397,39.9755685185185,57.3,263.335555555556
303,"25","Pure Grass",23,21.6666666666667,1,4.16666666666667,8.94444444444444,52.2,34.3,10.3,32.2666666666667,5.12516666666667,45.1007351851852,NA,272.28
304,"25","Pure Grass",24,21.67,1,4.16666666666667,8.94555555555556,52.2,34.3,10.3,32.2666666666667,2.88643259259259,47.9871677777778,32.2666666666667,281.225555555556
305,"25","Pure Grass",25,21.67,1,4.16666666666667,8.94555555555556,52.2,34.3,10.3,32.2666666666667,2.88643259259259,50.8736003703704,NA,290.171111111111
306,"25","Pure Grass",26,21.5,1,4.16666666666667,8.88888888888889,50.7,34.3,10.3,31.7666666666667,2.86814814814815,53.7417485185185,NA,299.06
307,"25","Pure Grass",27,21.5,1,4.16666666666667,8.88888888888889,50.7,34.3,10.3,31.7666666666667,2.8237037037037,56.5654522222222,31.7666666666667,307.948888888889
308,"25","Pure Grass",28,11,1,4.16666666666667,5.38888888888889,51.8,34.3,10.3,32.1333333333333,1.71187037037037,58.2773225925926,NA,313.337777777778
309,"25","Pure Grass",29,11,1,6.33333333333333,6.11111111111111,51.8,11.7,28.9,30.8,1.9637037037037,60.2410262962963,32.1333333333333,319.448888888889
310,"25","Pure Grass",30,3.33333333333333,1,6.33,3.55444444444444,55.3,11.7,28.9,31.9666666666667,1.09476888888889,61.3357951851852,30.8,323.003333333333
311,"25","Pure Grass",31,3.33,1,6.33,3.55333333333333,55.3,11.7,28.9,31.9666666666667,1.13588222222222,62.4716774074074,31.9666666666667,326.556666666667
312,"25","Pure Grass",32,3.33,1,2.5,2.27666666666667,55.3,30.7,NA,43,0.727774444444445,63.1994518518519,NA,328.833333333333
313,"25","Pure Grass",33,3.33,1,2.5,2.27666666666667,55.3,30.7,NA,43,0.978966666666667,64.1784185185185,43,331.11
314,"25","Pure Grass",34,3.33,2,2.5,2.61,55.3,30.7,NA,43,1.1223,65.3007185185185,NA,333.72
315,"25","Pure Grass",35,20,5,2.5,9.16666666666667,55.3,34.7,NA,45,3.94166666666667,69.2423851851852,43,342.886666666667
316,"25","10:1",1,NA,NA,NA,NA,NA,NA,NA,NA,NA,NA,NA,NA
317,"25","10:1",2,72,225,0,99,2.7,1.2,0,1.3,0,0,0,99
318,"25","10:1",3,20.3,46,4,23.4333333333333,34.8,1.3,0,12.0333333333333,0.304633333333333,0.304633333333333,1.3,122.433333333333
319,"25","10:1",4,20.3,92,4,38.7666666666667,34.8,1.3,64.8,33.6333333333333,4.66492222222222,4.96955555555556,12.0333333333333,161.2
320,"25","10:1",5,20.3,13.5,4,12.6,34.8,1.8,64.8,33.8,4.2378,9.20735555555556,33.6333333333333,173.8
321,"25","10:1",6,21.6666666666667,13.5,4,13.0555555555556,66.8,1.8,64.8,44.4666666666667,4.41277777777778,13.6201333333333,33.8,186.855555555556
322,"25","10:1",7,21.67,4,4,9.89,66.8,13.9,64.8,48.5,4.39775333333333,18.0178866666667,44.4666666666667,196.745555555556
323,"25","10:1",8,21.67,4,3.33,9.66666666666667,66.8,13.9,4.8,28.5,4.68833333333333,22.70622,48.5,206.412222222222
324,"25","10:1",9,15,4,3.33,7.44333333333333,66.8,13.9,4.8,28.5,2.12135,24.82757,28.5,213.855555555556
325,"25","10:1",10,15,4,3.33,7.44333333333333,66.8,13.9,4.8,28.5,2.12135,26.94892,NA,221.298888888889
326,"25","10:1",11,15,4,2,7,66.8,13.9,11.3,30.6666666666667,1.995,28.94392,NA,228.298888888889
327,"25","10:1",12,20,4,2,8.66666666666667,62.4,13.9,11.3,29.2,2.65777777777778,31.6016977777778,30.6666666666667,236.965555555556
328,"25","10:1",13,20,10.5,2,10.8333333333333,62.4,48.7,11.3,40.8,3.16333333333333,34.7650311111111,29.2,247.798888888889
329,"25","10:1",14,20,10.5,1,10.5,62.4,48.7,23.8,44.9666666666667,4.284,39.0490311111111,40.8,258.298888888889
330,"25","10:1",15,22.3,6,1,9.76666666666667,71.3,55,23.8,50.0333333333333,4.39174444444444,43.4407755555555,44.9666666666667,268.065555555556
331,"25","10:1",16,22.3,6,1,9.76666666666667,71.3,55,23.8,50.0333333333333,4.88658888888889,48.3273644444444,50.0333333333333,277.832222222222
332,"25","10:1",17,22.3,6,1,9.76666666666667,71.3,59.9,1.4,44.2,4.88658888888889,53.2139533333333,NA,287.598888888889
333,"25","10:1",18,23.6666666666667,6,1,10.2222222222222,48,59.9,1.4,36.4333333333333,4.51822222222222,57.7321755555555,44.2,297.821111111111
334,"25","10:1",19,23.67,6,1,10.2233333333333,48,59.9,1.4,36.4333333333333,3.72470111111111,61.4568766666667,36.4333333333333,308.044444444444
335,"25","10:1",20,23.67,6,4,11.2233333333333,48,59.9,7.7,38.5333333333333,4.08903444444445,65.5459111111111,NA,319.267777777778
336,"25","10:1",21,27,4,4,11.6666666666667,24.1,51.2,7.7,27.6666666666667,4.49555555555556,70.0414666666667,38.5333333333333,330.934444444444
337,"25","10:1",22,27,4,4,11.6666666666667,24.1,51.2,7.7,27.6666666666667,3.22777777777778,73.2692444444444,27.6666666666667,342.601111111111
338,"25","10:1",23,27,4,2,11,24.1,51.2,6.6,27.3,3.04333333333333,76.3125777777778,NA,353.601111111111
339,"25","10:1",24,32.6666666666667,4,2,12.8888888888889,77.3,51.2,6.6,45.0333333333333,3.51866666666667,79.8312444444444,NA,366.49
340,"25","10:1",25,32.67,4,2,12.89,77.3,51.2,6.6,45.0333333333333,5.80479666666667,85.6360411111111,45.0333333333333,379.38
341,"25","10:1",26,32.67,4,2,12.89,77.3,51.2,6.6,45.0333333333333,5.80479666666667,91.4408377777777,NA,392.27
342,"25","10:1",27,32.3333333333333,4,2,12.7777777777778,19.1,51.2,6.6,25.6333333333333,5.75425925925926,97.195097037037,NA,405.047777777778
343,"25","10:1",28,32.33,4,2,12.7766666666667,19.1,51.2,6.6,25.6333333333333,3.27508555555556,100.470182592593,25.6333333333333,417.824444444444
344,"25","10:1",29,32.33,8,2,14.11,19.1,39.8,43.6,34.1666666666667,3.61686333333333,104.087045925926,NA,431.934444444444
345,"25","10:1",30,18.3333333333333,8,2,9.44444444444444,58.8,39.8,43.6,47.4,3.22685185185185,107.313897777778,34.1666666666667,441.378888888889
346,"25","10:1",31,18.33,8,2,9.44333333333333,58.8,39.8,43.6,47.4,4.47614,111.790037777778,47.4,450.822222222222
347,"25","10:1",32,18.33,8.33333333333333,3,9.88777777777778,58.8,42.3,51.3,50.8,4.68680666666667,116.476844444444,NA,460.71
348,"25","10:1",33,33.33,8.33,3,14.8866666666667,42.7,42.3,51.3,45.4333333333333,7.56242666666666,124.039271111111,50.8,475.596666666667
349,"25","10:1",34,33.33,8.333,3,14.8876666666667,42.7,42.3,51.3,45.4333333333333,6.76396322222222,130.803234333333,45.4333333333333,490.484333333333
350,"25","10:1",35,33.33,25,3,20.4433333333333,42.7,67.1,51.3,53.7,9.28808777777778,140.091322111111,45.4333333333333,510.927666666667
351,"25","5:1",1,NA,NA,NA,NA,NA,NA,NA,NA,NA,NA,NA,NA
352,"25","5:1",2,45,99,77.6666666666667,73.8888888888889,1.9,3.8,23.3,9.66666666666667,0,0,0,73.8888888888889
353,"25","5:1",3,25,7.5,77.67,36.7233333333333,28,10.6,23.3,20.6333333333333,3.54992222222222,3.54992222222222,9.66666666666667,110.612222222222
354,"25","5:1",4,25,7.5,77.67,36.7233333333333,28,10.6,23.3,20.6333333333333,7.57724777777778,11.12717,20.6333333333333,147.335555555556
355,"25","5:1",5,22,6.5,17.3333333333333,15.2777777777778,28,17.3,52,32.4333333333333,3.15231481481482,14.2794848148148,NA,162.613333333333
356,"25","5:1",6,22,6.5,17.33,15.2766666666667,50.2,17.3,52,39.8333333333333,4.95473222222222,19.234217037037,32.4333333333333,177.89
357,"25","5:1",7,23.5,5.33333333333333,17.33,15.3877777777778,50.2,17.3,52,39.8333333333333,6.12946481481482,25.3636818518519,39.8333333333333,193.277777777778
358,"25","5:1",8,23.5,5.33333333333333,6.66666666666667,11.8333333333333,50.2,17.3,62.6,43.3666666666667,4.71361111111111,30.077292962963,NA,205.111111111111
359,"25","5:1",9,14,5.33333333333333,6.67,8.66777777777778,50.2,17.3,62.6,43.3666666666667,3.7589262962963,33.8362192592593,43.3666666666667,213.778888888889
360,"25","5:1",10,14,5.33333333333333,6.67,8.66777777777778,50.2,17.3,62.6,43.3666666666667,3.7589262962963,37.5951455555556,NA,222.446666666667
361,"25","5:1",11,13.5,5.33333333333333,5.66666666666667,8.16666666666667,50.2,17.3,68,45.1666666666667,3.54161111111111,41.1367566666667,NA,230.613333333333
362,"25","5:1",12,13.5,5.33333333333333,5.67,8.16777777777778,58.8,12.8,68,46.5333333333333,3.68911296296296,44.8258696296296,45.1666666666667,238.781111111111
363,"25","5:1",13,17,18.5,5.67,13.7233333333333,58.8,12.8,68,46.5333333333333,6.38592444444444,51.2117940740741,46.5333333333333,252.504444444444
364,"25","5:1",14,17,18.5,10.3333333333333,15.2777777777778,58.8,12.8,28.2,33.2666666666667,7.10925925925926,58.3210533333333,NA,267.782222222222
365,"25","5:1",15,16,7.5,10.3333333333333,11.2777777777778,53.1,51.5,28.2,44.2666666666667,3.75174074074074,62.0727940740741,33.2666666666667,279.06
366,"25","5:1",16,16,7.5,10.3333333333333,11.2777777777778,53.1,51.5,28.2,44.2666666666667,4.9922962962963,67.0650903703704,44.2666666666667,290.337777777778
367,"25","5:1",17,9.5,7.5,13.6666666666667,10.2222222222222,53.1,51.5,63.9,56.1666666666667,4.52503703703704,71.5901274074074,NA,300.56
368,"25","5:1",18,9.5,7.5,13.6666666666667,10.2222222222222,55.4,67.5,63.9,62.2666666666667,5.74148148148148,77.3316088888889,56.1666666666667,310.782222222222
369,"25","5:1",19,13,7.5,13.6666666666667,11.3888888888889,55.4,67.5,63.9,62.2666666666667,7.09148148148148,84.4230903703704,62.2666666666667,322.171111111111
370,"25","5:1",20,13,7.5,9.33333333333333,9.94444444444444,55.4,67.5,66.8,63.2333333333333,6.19207407407407,90.6151644444444,NA,332.115555555556
371,"25","5:1",21,12,10.6666666666667,9.33,10.6655555555556,52,66.4,66.8,61.7333333333333,6.7441862962963,97.3593507407407,63.2333333333333,342.781111111111
372,"25","5:1",22,12,10.6,9.33,10.6433333333333,52,66.4,66.8,61.7333333333333,6.57048444444444,103.929835185185,61.7333333333333,353.424444444445
373,"25","5:1",23,8,10.7,2.66666666666667,7.12222222222222,52,66.4,58.2,58.8666666666667,4.39678518518518,108.32662037037,NA,360.546666666667
374,"25","5:1",24,8,13.6666666666667,2.66666666666667,8.11111111111111,58.6,66.4,58.2,61.0666666666667,4.77474074074074,113.101361111111,58.8666666666667,368.657777777778
375,"25","5:1",25,6,13.67,2.66666666666667,7.44555555555556,58.6,66.4,58.2,61.0666666666667,4.54675259259259,117.648113703704,61.0666666666667,376.103333333333
376,"25","5:1",26,6,13.67,2.66666666666667,7.44555555555556,58.6,66.4,58.2,61.0666666666667,4.54675259259259,122.194866296296,NA,383.548888888889
377,"25","5:1",27,6.33333333333333,11,2.66666666666667,6.66666666666667,61.1,66.4,58.2,61.9,4.07111111111111,126.265977407407,NA,390.215555555556
378,"25","5:1",28,6.33,11,2.66666666666667,6.66555555555556,61.1,66.4,58.2,61.9,4.12597888888889,130.391956296296,61.9,396.881111111111
379,"25","5:1",29,6.33,11,10,9.11,61.1,29.3,41.4,43.9333333333333,5.63909,136.031046296296,NA,405.991111111111
380,"25","5:1",30,4.16666666666667,11,10,8.38888888888889,57.8,29.3,41.4,42.8333333333333,3.68551851851852,139.716564814815,43.9333333333333,414.38
381,"25","5:1",31,4.16666666666667,11,10,8.38888888888889,57.8,29.3,41.4,42.8333333333333,3.59324074074074,143.309805555556,42.8333333333333,422.768888888889
382,"25","5:1",32,4.16666666666667,16,6.5,8.88888888888889,57.8,29,48.8,45.2,3.80740740740741,147.117212962963,NA,431.657777777778
383,"25","5:1",33,4.16666666666667,16,6.5,8.88888888888889,58.8,29,48.8,45.5333333333333,4.01777777777778,151.134990740741,45.2,440.546666666667
384,"25","5:1",34,4.16666666666667,16,6.5,8.88888888888889,58.8,29,48.8,45.5333333333333,4.04740740740741,155.182398148148,45.5333333333333,449.435555555556
385,"25","5:1",35,4.16666666666667,36,6.5,15.5555555555556,58.8,53.2,48.8,53.6,7.08296296296296,162.265361111111,45.5333333333333,464.991111111111
386,"25","4:1",1,NA,NA,NA,NA,NA,NA,NA,NA,NA,NA,NA,NA
387,"25","4:1",2,76,30,5,37,18.2,1.6,0,6.6,0,0,0,37
388,"25","4:1",3,26,12,5,14.3333333333333,47,1.4,0,16.1333333333333,0.946,0.946,6.6,51.3333333333333
389,"25","4:1",4,26,12,5,14.3333333333333,47,1.4,52.6,33.6666666666667,2.31244444444444,3.25844444444444,16.1333333333333,65.6666666666667
390,"25","4:1",5,27.5,8.5,5,13.6666666666667,47,0.5,52.6,33.3666666666667,4.60111111111111,7.85955555555556,33.6666666666667,79.3333333333333
391,"25","4:1",6,27.6,8.5,5,13.7,53.3,0.5,52.6,35.4666666666667,4.57123333333333,12.4307888888889,33.3666666666667,93.0333333333333
392,"25","4:1",7,133.5,3,5,47.1666666666667,53.3,0.5,52.6,35.4666666666667,16.7284444444444,29.1592333333333,35.4666666666667,140.2
393,"25","4:1",8,133.5,3,5,47.1666666666667,53.3,0.5,52.6,35.4666666666667,16.7284444444444,45.8876777777778,NA,187.366666666667
394,"25","4:1",9,56.5,3,5,21.5,53.3,0.5,52.6,35.4666666666667,7.62533333333333,53.5130111111111,NA,208.866666666667
395,"25","4:1",10,56.5,3,5,21.5,53.3,0.5,52.6,35.4666666666667,7.62533333333333,61.1383444444444,NA,230.366666666667
396,"25","4:1",11,30.5,3,8,13.8333333333333,53.3,0.5,33.3,29.0333333333333,4.90622222222222,66.0445666666667,NA,244.2
397,"25","4:1",12,30.5,3,8,13.8333333333333,36.5,9.4,33.3,26.4,4.01627777777778,70.0608444444444,29.0333333333333,258.033333333333
398,"25","4:1",13,1.5,10,8,6.5,36.5,9.4,33.3,26.4,1.716,71.7768444444444,26.4,264.533333333333
399,"25","4:1",14,1.5,10,11.6666666666667,7.72222222222222,36.5,9.4,27.3,24.4,2.03866666666667,73.8155111111111,NA,272.255555555556
400,"25","4:1",15,1,3,11.67,5.22333333333333,36.2,10.8,27.3,24.7666666666667,1.27449333333333,75.0900044444444,24.4,277.478888888889
401,"25","4:1",16,1,3,11.67,5.22333333333333,36.2,10.8,27.3,24.7666666666667,1.29364555555556,76.38365,24.7666666666667,282.702222222222
402,"25","4:1",17,1,3,9,4.33333333333333,36.2,10.8,17.8,21.6,1.07322222222222,77.4568722222222,NA,287.035555555556
403,"25","4:1",18,1,3,9,4.33333333333333,52.1,58.4,17.8,42.7666666666667,0.936,78.3928722222222,21.6,291.368888888889
404,"25","4:1",19,1,3,9,4.33333333333333,52.1,58.4,17.8,42.7666666666667,1.85322222222222,80.2460944444445,42.7666666666667,295.702222222222
405,"25","4:1",20,1,3,9.33333333333333,4.44444444444444,52.1,58.4,50.9,53.8,1.90074074074074,82.1468351851852,NA,300.146666666667
406,"25","4:1",21,1,6.66666666666667,9.33,5.66555555555556,32.3,21.4,50.9,34.8666666666667,3.04806888888889,85.1949040740741,53.8,305.812222222222
407,"25","4:1",22,1,6.67,9.33,5.66666666666667,32.3,21.4,50.9,34.8666666666667,1.97577777777778,87.1706818518519,34.8666666666667,311.478888888889
408,"25","4:1",23,10.5,6.67,4.5,7.22333333333333,32.3,21.4,57.6,37.1,2.51853555555556,89.6892174074074,NA,318.702222222222
409,"25","4:1",24,10.5,4.66666666666667,4.5,6.55555555555556,59.5,56.7,57.6,57.9333333333333,2.43211111111111,92.1213285185185,37.1,325.257777777778
410,"25","4:1",25,10.5,4.67,4.5,6.55666666666667,59.5,56.7,57.6,57.9333333333333,3.79849555555556,95.9198240740741,57.9333333333333,331.814444444445
411,"25","4:1",26,10.5,4.67,4.5,6.55666666666667,59.5,56.7,57.6,57.9333333333333,3.79849555555556,99.7183196296297,NA,338.371111111111
412,"25","4:1",27,NA,4.33333333333333,4.5,4.41666666666667,50.7,33.7,57.6,47.3333333333333,2.55872222222222,102.277041851852,NA,342.787777777778
413,"25","4:1",28,NA,4.33,4.5,4.415,50.7,33.7,57.6,47.3333333333333,2.08976666666667,104.366808518519,47.3333333333333,347.202777777778
414,"25","4:1",29,NA,4.33,19,11.665,50.7,33.7,76,53.4666666666667,5.52143333333333,109.888241851852,NA,358.867777777778
415,"25","4:1",30,NA,7,19,13,58.3,33.7,76,56,6.95066666666667,116.838908518519,53.4666666666667,371.867777777778
416,"25","4:1",31,NA,7,19,13,58.3,33.7,76,56,7.28,124.118908518519,56,384.867777777778
417,"25","4:1",32,NA,7,13.75,10.375,58.3,70.4,55.3,61.3333333333333,5.81,129.928908518519,NA,395.242777777778
418,"25","4:1",33,NA,7,13.75,10.375,54.3,70.4,55.3,60,6.36333333333333,136.292241851852,61.3333333333333,405.617777777778
419,"25","4:1",34,NA,7,13.75,10.375,54.3,70.4,55.3,60,6.225,142.517241851852,60,415.992777777778
420,"25","4:1",35,NA,18,13.75,15.875,54.3,70.1,55.3,59.9,9.525,152.042241851852,60,431.867777777778
421,"25","3:1",1,NA,NA,NA,NA,NA,NA,NA,NA,NA,NA,NA,NA
422,"25","3:1",2,100,17.5,100,72.5,35.1,NA,2.4,18.75,0,0,0,72.5
423,"25","3:1",3,11.3333333333333,17.5,100,42.9444444444444,35.1,NA,24,29.55,4.60119047619048,4.60119047619048,18.75,115.444444444444
424,"25","3:1",4,11.33,17.5,100,42.9433333333333,35.1,NA,2.4,18.75,7.25128857142857,11.852479047619,29.55,158.387777777778
425,"25","3:1",5,11.3,17.5,8.66666666666667,12.4888888888889,35.1,NA,53.3,44.2,1.33809523809524,13.1905742857143,18.75,170.876666666667
426,"25","3:1",6,23.6666666666667,17.5,8.67,16.6122222222222,45.8,NA,53.3,49.55,4.1957726984127,17.386346984127,44.2,187.488888888889
427,"25","3:1",7,23.6666666666667,17.5,8.67,16.6122222222222,45.8,NA,53.3,49.55,4.70363206349206,22.089979047619,49.55,204.101111111111
428,"25","3:1",8,23.6666666666667,17.5,16,19.0555555555556,45.8,NA,71.3,58.55,5.39544444444444,27.4854234920635,NA,223.156666666667
429,"25","3:1",9,6.66666666666667,3.57142857142857,16,8.74603174603175,41.5,NA,71.3,56.4,2.92617233560091,30.4115958276644,58.55,231.902698412698
430,"25","3:1",10,6.67,3.57142857142857,16,8.74714285714286,41.5,NA,71.3,56.4,2.81907918367347,33.2306750113379,56.4,240.649841269841
431,"25","3:1",11,6.67,3.57142857142857,1,3.74714285714286,41.5,NA,73,57.25,1.2076506122449,34.4383256235828,NA,244.396984126984
432,"25","3:1",12,8.33333333333333,3.57142857142857,1,4.3015873015873,26.8,NA,73,49.9,1.4072335600907,35.8455591836735,57.25,248.698571428571
433,"25","3:1",13,8.33,3.57142857142857,1,4.30047619047619,26.8,NA,73,49.9,1.22625006802721,37.0718092517007,49.9,252.999047619048
434,"25","3:1",14,8.33,3.57142857142857,1,4.30047619047619,26.8,NA,47.2,37,1.22625006802721,38.2980593197279,NA,257.299523809524
435,"25","3:1",15,7,3.57142857142857,1,3.85714285714286,30.6,NA,47.2,38.9,0.815510204081633,39.1135695238095,37,261.156666666667
436,"25","3:1",16,7,3.57142857142857,1,3.85714285714286,30.6,NA,47.2,38.9,0.857387755102041,39.9709572789116,38.9,265.013809523809
437,"25","3:1",17,7,2.33333333333333,2,3.77777777777778,30.6,NA,38.9,34.75,0.839746031746032,40.8107033106576,NA,268.791587301587
438,"25","3:1",18,11.3333333333333,2.33333333333333,2,5.22222222222222,19.9,NA,38.9,29.4,1.03698412698413,41.8476874376417,34.75,274.013809523809
439,"25","3:1",19,11.33,2.33333333333333,2,5.22111111111111,19.9,NA,38.9,29.4,0.877146666666667,42.7248341043084,29.4,279.234920634921
440,"25","3:1",20,11.33,2.33333333333333,2,5.22111111111111,19.9,NA,38.9,29.4,0.877146666666667,43.6019807709751,NA,284.456031746032
441,"25","3:1",21,17.3333333333333,2.33333333333333,2,7.22222222222222,66.5,NA,38.9,52.7,1.21333333333333,44.8153141043084,NA,291.678253968254
442,"25","3:1",22,17.33,2.33333333333333,2,7.22111111111111,66.5,NA,38.9,52.7,2.17458603174603,46.9899001360544,52.7,298.899365079365
443,"25","3:1",23,17.33,1,15,11.11,66.5,NA,61.8,64.15,3.34569714285714,50.3355972789116,NA,310.009365079365
444,"25","3:1",24,68.3333333333333,1,15,28.1111111111111,63.5,NA,61.8,62.65,10.3047301587302,60.6403274376417,64.15,338.120476190476
445,"25","3:1",25,68.33,1,15,28.11,63.5,NA,61.8,62.65,10.06338,70.7037074376417,62.65,366.230476190476
446,"25","3:1",26,68.33,1,1,23.4433333333333,63.5,NA,65.7,64.6,8.39271333333333,79.0964207709751,NA,389.673809523809
447,"25","3:1",27,14.6666666666667,1,1,5.55555555555555,68,NA,65.7,66.85,2.05079365079365,81.1472144217687,64.6,395.229365079365
448,"25","3:1",28,14.67,1,1,5.55666666666667,68,NA,65.7,66.85,2.12264666666667,83.2698610884354,66.85,400.786031746032
449,"25","3:1",29,14.67,NA,1,7.835,68,NA,65.7,66.85,2.99297,86.2628310884354,NA,408.621031746032
450,"25","3:1",30,75,NA,1,38,64.2,NA,65.7,64.95,14.516,100.778831088435,NA,446.621031746032
451,"25","3:1",31,75,NA,1,38,64.2,NA,65.7,64.95,14.1034285714286,114.882259659864,64.95,484.621031746032
452,"25","3:1",32,75,NA,NA,75,64.2,NA,65.7,64.95,27.8357142857143,142.717973945578,NA,559.621031746032
453,"25","3:1",33,70,NA,NA,70,65,NA,65.7,65.35,25.98,168.697973945578,NA,629.621031746032
454,"25","3:1",34,70,NA,NA,70,65,NA,65.7,65.35,26.14,194.837973945578,65.35,699.621031746032
455,"25","3:1",35,70,NA,NA,70,65,NA,NA,65,26.14,220.977973945578,65.35,769.621031746032
456,"25","2:1",1,NA,NA,NA,NA,NA,NA,NA,NA,NA,NA,NA,NA
457,"25","2:1",2,54,85,120,86.3333333333333,5.6,1.5,0.6,2.56666666666667,0,0,0,86.3333333333333
458,"25","2:1",3,1,4,1,2,5.4,9.6,3.8,6.26666666666667,0.684444444444444,0.684444444444444,2.56666666666667,88.3333333333333
459,"25","2:1",4,1,4,1,2,5.4,9.6,3.8,6.26666666666667,1.67111111111111,2.35555555555556,6.26666666666667,90.3333333333333
460,"25","2:1",5,1,4,1,2,5.4,9.6,3.8,6.26666666666667,1.67111111111111,4.02666666666667,NA,92.3333333333333
461,"25","2:1",6,1,4,1,2,4.7,9.6,3.8,6.03333333333333,1.67111111111111,5.69777777777778,NA,94.3333333333333
462,"25","2:1",7,1,4,1,2,4.7,9.6,3.8,6.03333333333333,1.60888888888889,7.30666666666667,6.03333333333333,96.3333333333333
463,"25","2:1",8,1,4,1,2,4.7,9.6,3.8,6.03333333333333,1.60888888888889,8.91555555555556,NA,98.3333333333333
464,"25","2:1",9,1.67,4,1,2.22333333333333,12.6,9.6,3.8,8.66666666666667,1.78854814814815,10.7041037037037,NA,100.556666666667
465,"25","2:1",10,1.67,4,1,2.22333333333333,12.6,9.6,3.8,8.66666666666667,2.56918518518518,13.2732888888889,8.66666666666667,102.78
466,"25","2:1",11,1.67,4,1,2.22333333333333,12.6,9.6,3.8,8.66666666666667,2.56918518518518,15.8424740740741,NA,105.003333333333
467,"25","2:1",12,7.11111111111111,4,3.33,4.8137037037037,13.3,9.6,4.6,9.16666666666667,5.56250205761317,21.4049761316872,NA,109.817037037037
468,"25","2:1",13,7.11111111111111,4,3.33,4.8137037037037,13.3,9.6,4.6,9.16666666666667,5.88341563786008,27.2883917695473,9.16666666666667,114.630740740741
469,"25","2:1",14,7.11111111111111,4,3.33,4.8137037037037,13.3,9.6,4.6,9.16666666666667,5.88341563786008,33.1718074074074,NA,119.444444444444
470,"25","2:1",15,7.11111111111111,4,1.67,4.26037037037037,13.3,9.6,0.8,7.9,5.20711934156378,38.3789267489712,NA,123.704814814815
471,"25","2:1",16,7.11111111111111,4,1.67,4.26037037037037,13.3,9.6,0.8,7.9,4.48759012345679,42.866516872428,7.9,127.965185185185
472,"25","2:1",17,7.11111111111111,4,1.67,4.26037037037037,13.3,9.6,0.8,7.9,4.48759012345679,47.3541069958848,NA,132.225555555556
473,"25","2:1",18,7.11111111111111,4,11.3333333333333,7.48148148148148,13.8,9.6,2.3,8.56666666666667,7.88049382716049,55.2346008230453,NA,139.707037037037
474,"25","2:1",19,7.11111111111111,4,11.33,7.48037037037037,13.8,9.6,2.3,8.56666666666667,8.54424526748971,63.778846090535,8.56666666666667,147.187407407407
475,"25","2:1",20,7.11111111111111,4,11.33,7.48037037037037,13.8,9.6,2.3,8.56666666666667,8.54424526748971,72.3230913580247,NA,154.667777777778
476,"25","2:1",21,4,4,2.33333333333333,3.44444444444444,14.9,9.6,19,14.5,3.93432098765432,76.257412345679,NA,158.112222222222
477,"25","2:1",22,4,4,2.33333333333333,3.44444444444444,14.9,9.6,19,14.5,6.65925925925926,82.9166716049383,14.5,161.556666666667
478,"25","2:1",23,4,4,2.33333333333333,3.44444444444444,14.9,9.6,19,14.5,6.65925925925926,89.5759308641975,NA,165.001111111111
479,"25","2:1",24,2.33,1.67,2.33333333333333,2.11111111111111,14.9,8.5,19,14.1333333333333,4.08148148148148,93.657412345679,NA,167.112222222222
480,"25","2:1",25,2.33,1.67,2.33333333333333,2.11111111111111,14.9,8.5,19,14.1333333333333,3.97827160493827,97.6356839506173,14.1333333333333,169.223333333333
481,"25","2:1",26,2.33,1.67,2.33333333333333,2.11111111111111,14.9,8.5,19,14.1333333333333,3.97827160493827,101.613955555556,NA,171.334444444444
482,"25","2:1",27,2.33,5,2.33333333333333,3.22111111111111,46.4,1.3,19,22.2333333333333,6.07000493827161,107.683960493827,NA,174.555555555556
483,"25","2:1",28,2.33,5,2.33333333333333,3.22111111111111,46.4,1.3,19,22.2333333333333,9.5488049382716,117.232765432099,22.2333333333333,177.776666666667
484,"25","2:1",29,2.33,5,2.33333333333333,3.22111111111111,46.4,1.3,19,22.2333333333333,9.5488049382716,126.78157037037,NA,180.997777777778
485,"25","2:1",30,2.33,1,2.33333333333333,1.88777777777778,46.4,1.1,19,22.1666666666667,5.59621234567901,132.377782716049,NA,182.885555555556
486,"25","2:1",31,2.33,1,2.33333333333333,1.88777777777778,46.4,1.1,19,22.1666666666667,5.57943209876543,137.957214814815,NA,184.773333333333
487,"25","2:1",32,2.33,1,2.33333333333333,1.88777777777778,46.4,1.1,19,22.1666666666667,5.57943209876543,143.53664691358,NA,186.661111111111
488,"25","2:1",33,2.33,1,1,1.44333333333333,46.4,2.1,22.2,23.5666666666667,4.26585185185185,147.802498765432,NA,188.104444444444
489,"25","2:1",34,2.33,1,1,1.44333333333333,46.4,2.1,22.2,23.5666666666667,4.53527407407407,152.337772839506,23.5666666666667,189.547777777778
490,"25","2:1",35,2.33,1,1,1.44333333333333,46.4,2.1,22.2,23.5666666666667,4.53527407407407,156.87304691358,NA,190.991111111111
491,"25","1:1",1,NA,NA,NA,NA,NA,NA,NA,NA,NA,NA,NA,NA
492,"25","1:1",2,240,267,NA,253.5,0.2,1.6,NA,0.9,0,0,0,253.5
493,"25","1:1",3,3.83333333333333,14,NA,8.91666666666667,0.1,8.4,NA,4.25,0.200625,0.200625,0.9,262.416666666667
494,"25","1:1",4,3.83333333333333,14,NA,8.91666666666667,0.1,8.4,NA,4.25,0.947395833333333,1.14802083333333,4.25,271.333333333333
495,"25","1:1",5,3.83333333333333,14,NA,8.91666666666667,0.1,8.4,NA,4.25,0.947395833333333,2.09541666666667,NA,280.25
496,"25","1:1",6,3.83333333333333,4,NA,3.91666666666667,4,1,NA,2.5,0.416145833333333,2.5115625,NA,284.166666666667
497,"25","1:1",7,3.83333333333333,4,NA,3.91666666666667,4,1,NA,2.5,0.244791666666667,2.75635416666667,2.5,288.083333333333
498,"25","1:1",8,3.83333333333333,4,NA,3.91666666666667,4,1,NA,2.5,0.244791666666667,3.00114583333333,NA,292
499,"25","1:1",9,10.6666666666667,11,NA,10.8333333333333,1.3,0.6,NA,0.95,0.677083333333333,3.67822916666667,NA,302.833333333333
500,"25","1:1",10,10.6,11,NA,10.8,1.3,0.6,NA,0.95,0.2565,3.93472916666667,0.95,313.633333333333
501,"25","1:1",11,10.7,11,NA,10.85,1.3,0.6,NA,0.95,0.2576875,4.19241666666667,NA,324.483333333333
502,"25","1:1",12,16.3333333333333,26.6666666666667,NA,21.5,4.3,29,NA,16.65,0.510625,4.70304166666667,NA,345.983333333333
503,"25","1:1",13,16.33,26.67,NA,21.5,4.3,29,NA,16.65,8.949375,13.6524166666667,16.65,367.483333333333
504,"25","1:1",14,16.33,26.67,NA,21.5,4.3,29,NA,16.65,8.949375,22.6017916666667,NA,388.983333333333
505,"25","1:1",15,11.6666666666667,2.88888888888889,NA,7.27777777777778,4.7,15,NA,9.85,3.029375,25.6311666666667,NA,396.261111111111
506,"25","1:1",16,11.67,2.88888888888889,NA,7.27944444444444,4.7,15,NA,9.85,1.79256319444444,27.4237298611111,9.85,403.540555555556
507,"25","1:1",17,11.67,2.88888888888889,NA,7.27944444444444,4.7,15,NA,9.85,1.79256319444444,29.2162930555556,NA,410.82
508,"25","1:1",18,34,2.88888888888889,NA,18.4444444444444,11.8,15,NA,13.4,4.54194444444444,33.7582375,NA,429.264444444445
509,"25","1:1",19,34,2.88888888888889,NA,18.4444444444444,11.8,15,NA,13.4,6.17888888888889,39.9371263888889,13.4,447.708888888889
510,"25","1:1",20,34,2.88888888888889,NA,18.4444444444444,11.8,15,NA,13.4,6.17888888888889,46.1160152777778,NA,466.153333333333
511,"25","1:1",21,13.6666666666667,2.88888888888889,NA,8.27777777777778,17.1,15,NA,16.05,2.77305555555556,48.8890708333333,NA,474.431111111111
512,"25","1:1",22,13.67,2.88888888888889,NA,8.27944444444444,17.1,15,NA,16.05,3.32212708333333,52.2111979166667,16.05,482.710555555556
513,"25","1:1",23,13.67,2.88888888888889,NA,8.27944444444444,17.1,15,NA,16.05,3.32212708333333,55.533325,NA,490.99
514,"25","1:1",24,17,4,NA,10.5,33.1,43.7,NA,38.4,4.213125,59.74645,NA,501.49
515,"25","1:1",25,17,4,NA,10.5,33.1,43.7,NA,38.4,10.08,69.82645,38.4,511.99
516,"25","1:1",26,17,4,NA,10.5,33.1,43.7,NA,38.4,10.08,79.90645,NA,522.49
517,"25","1:1",27,12.6666666666667,1.67,NA,7.16833333333333,31.4,42.1,NA,36.75,6.8816,86.78805,NA,529.658333333333
518,"25","1:1",28,12.67,1.67,NA,7.17,31.4,42.1,NA,36.75,6.5874375,93.3754875,36.75,536.828333333333
519,"25","1:1",29,12.67,1.67,NA,7.17,31.4,42.1,NA,36.75,6.5874375,99.962925,NA,543.998333333333
520,"25","1:1",30,13.6666666666667,5,NA,9.33333333333333,26.4,22.3,NA,24.35,8.575,108.537925,NA,553.331666666667
521,"25","1:1",31,13.67,5,NA,9.335,26.3,22.3,NA,24.3,5.68268125,114.22060625,24.35,562.666666666667
522,"25","1:1",32,13.67,5,NA,9.335,NA,22.3,NA,22.3,5.6710125,119.89161875,24.3,572.001666666667
523,"25","1:1",33,10.6666666666667,5,NA,7.83333333333333,NA,44.1,NA,44.1,4.36708333333333,124.258702083333,22.3,579.835
524,"25","1:1",34,10.67,5,NA,7.835,NA,44.1,NA,44.1,8.6380875,132.896789583333,NA,587.67
525,"25","1:1",35,10.67,5,NA,7.835,NA,44.1,NA,44.1,8.6380875,141.534877083333,44.1,595.505
526,"35","Pure Grass",1,NA,NA,NA,NA,NA,NA,NA,NA,NA,NA,NA,NA
527,"35","Pure Grass",2,48.67,20,13.6666666666667,27.4455555555556,7.9,2.2,1.2,3.76666666666667,0,0,0,27.4455555555556
528,"35","Pure Grass",3,48.6666666666667,20,13.67,27.4455555555556,7.9,2.2,1.2,3.76666666666667,1.03378259259259,1.03378259259259,3.76666666666667,54.8911111111111
529,"35","Pure Grass",4,48.67,20,13.67,27.4466666666667,7.9,2.2,1.2,3.76666666666667,1.03382444444444,2.06760703703704,NA,82.3377777777778
530,"35","Pure Grass",5,20,18.3333333333333,10.33,16.2211111111111,62,74.3,37.4,57.9,0.610995185185185,2.67860222222222,NA,98.5588888888889
531,"35","Pure Grass",6,20,18.33,10.3,16.21,62,74.3,37.4,57.9,9.38559,12.0641922222222,57.9,114.768888888889
532,"35","Pure Grass",7,20,18.33,10.33,16.22,62,74.3,37.4,57.9,9.39138,21.4555722222222,NA,130.988888888889
533,"35","Pure Grass",8,7.67,18.6666666666667,15,13.7788888888889,56.9,41.7,42.4,47,7.97797666666667,29.4335488888889,NA,144.767777777778
534,"35","Pure Grass",9,7.67,18.67,15,13.78,56.9,41.7,42.4,47,6.4766,35.9101488888889,47,158.547777777778
535,"35","Pure Grass",10,7.67,18.67,15,13.78,56.9,41.7,42.4,47,6.4766,42.3867488888889,NA,172.327777777778
536,"35","Pure Grass",11,4,35,17,18.6666666666667,8.7,4.1,19.3,10.7,8.77333333333333,51.1600822222222,NA,190.994444444444
537,"35","Pure Grass",12,4,35,17,18.6666666666667,8.7,4.1,19.3,10.7,1.99733333333333,53.1574155555556,10.7,209.661111111111
538,"35","Pure Grass",13,4,35,17,18.6666666666667,8.7,4.1,19.3,10.7,1.99733333333333,55.1547488888889,NA,228.327777777778
539,"35","Pure Grass",14,9.33333333333333,36.6666666666667,14.6666666666667,20.2222222222222,32.6,52.1,6.2,30.3,2.16377777777778,57.3185266666667,NA,248.55
540,"35","Pure Grass",15,9.33,36.67,14.68,20.2266666666667,32.6,52.1,6.2,30.3,6.12868,63.4472066666667,30.3,268.776666666667
541,"35","Pure Grass",16,9.33,36.67,14.67,20.2233333333333,32.6,52.1,6.2,30.3,6.12767,69.5748766666667,NA,289
542,"35","Pure Grass",17,7.33,42,13.3333333333333,20.8877777777778,10.1,39.1,7.6,18.9333333333333,6.32899666666667,75.9038733333333,NA,309.887777777778
543,"35","Pure Grass",18,7.33,42,13.33,20.8866666666667,10.1,39.1,7.6,18.9333333333333,3.95454222222222,79.8584155555556,NA,330.774444444444
544,"35","Pure Grass",19,7.33,42,13.33,20.8866666666667,10.1,39.1,7.6,18.9333333333333,3.95454222222222,83.8129577777778,18.9333333333333,351.661111111111
545,"35","Pure Grass",20,9,35,10,18,6.1,7.4,23.4,12.3,3.408,87.2209577777778,NA,369.661111111111
546,"35","Pure Grass",21,9,35,10,18,6.1,7.4,23.4,12.3,2.214,89.4349577777778,12.3,387.661111111111
547,"35","Pure Grass",22,9,35,10,18,6.1,7.4,23.4,12.3,2.214,91.6489577777778,NA,405.661111111111
548,"35","Pure Grass",23,1,14.1666666666667,4,6.38888888888889,8.9,11.6,49,23.1666666666667,0.785833333333333,92.4347911111111,NA,412.05
549,"35","Pure Grass",24,1,14.1666666666667,4,6.38888888888889,8.9,11.6,49,23.1666666666667,1.48009259259259,93.9148837037037,23.1666666666667,418.438888888889
550,"35","Pure Grass",25,1,14.1666666666667,4,6.38888888888889,8.9,11.6,49,23.1666666666667,1.48009259259259,95.3949762962963,NA,424.827777777778
551,"35","Pure Grass",26,1,14.1666666666667,4,6.38888888888889,8.9,11.6,49,23.1666666666667,1.48009259259259,96.8750688888889,NA,431.216666666667
552,"35","Pure Grass",27,1,14.1666666666667,4,6.38888888888889,8.9,11.6,49,23.1666666666667,1.48009259259259,98.3551614814815,NA,437.605555555556
553,"35","Pure Grass",28,1,14.1666666666667,4,6.38888888888889,8.9,11.6,49,23.1666666666667,1.48009259259259,99.8352540740741,NA,443.994444444445
554,"35","Pure Grass",29,8.33,21,15.6666666666667,14.9988888888889,2.3,11.6,49.3,21.0666666666667,3.47474259259259,103.309996666667,NA,458.993333333333
555,"35","Pure Grass",30,8.33,21,15.67,15,2.3,11.6,49.3,21.0666666666667,3.16,106.469996666667,21.0666666666667,473.993333333333
556,"35","Pure Grass",31,8.33,21,15.67,15,2.3,11.6,49.3,21.0666666666667,3.16,109.629996666667,NA,488.993333333333
557,"35","Pure Grass",32,6.25,21,7.5,11.5833333333333,4.6,11.6,66,27.4,2.44022222222222,112.070218888889,NA,500.576666666667
558,"35","Pure Grass",33,6.25,21,7.5,11.5833333333333,4.6,11.6,66,27.4,3.17383333333333,115.244052222222,27.4,512.16
559,"35","Pure Grass",34,6.25,21,7.5,11.5833333333333,4.6,11.6,66,27.4,3.17383333333333,118.417885555556,NA,523.743333333333
560,"35","Pure Grass",35,6.25,21,7.5,11.5833333333333,4.6,11.6,66,27.4,3.17383333333333,121.591718888889,27.4,535.326666666667
561,"35","10:1",1,NA,NA,NA,NA,NA,NA,NA,NA,NA,NA,NA,NA
562,"35","10:1",2,2.16666666666667,13.3333333333333,9.33333333333333,8.27777777777778,52.1,4.7,78.7,45.1666666666667,0,0,0,8.27777777777778
563,"35","10:1",3,2.16666666666667,13.33,9.33333333333333,8.27666666666667,52.1,4.7,78.7,45.1666666666667,3.73829444444444,3.73829444444444,45.1666666666667,16.5544444444444
564,"35","10:1",4,2.16666666666667,13.33,9.33333333333333,8.27666666666667,52.1,4.7,78.7,45.1666666666667,3.73829444444444,7.47658888888889,NA,24.8311111111111
565,"35","10:1",5,2.16666666666667,13.6666666666667,9.33333333333333,8.38888888888889,52.1,70.8,78.7,67.2,3.78898148148148,11.2655703703704,NA,33.22
566,"35","10:1",6,2.16666666666667,13.67,9.33333333333333,8.39,52.1,70.8,78.7,67.2,5.63808,16.9036503703704,67.2,41.61
567,"35","10:1",7,2.16666666666667,13.67,9.33333333333333,8.39,52.1,70.8,78.7,67.2,5.63808,22.5417303703704,NA,50
568,"35","10:1",8,1.66666666666667,14.6666666666667,9.33,8.55444444444444,49.2,16.5,3.9,23.2,5.74858666666667,28.290317037037,NA,58.5544444444444
569,"35","10:1",9,1.67,14.67,43.5,19.9466666666667,49.2,16.5,3.9,23.2,4.62762666666667,32.9179437037037,23.2,78.5011111111111
570,"35","10:1",10,1.67,14.67,43.5,19.9466666666667,49.2,16.5,3.9,23.2,4.62762666666667,37.5455703703704,NA,98.4477777777778
571,"35","10:1",11,1.67,12.6666666666667,21.3333333333333,11.89,60.3,16.1,50.3,42.2333333333333,2.75848,40.3040503703704,NA,110.337777777778
572,"35","10:1",12,1.67,12.67,21.33,11.89,60.3,16.1,50.3,42.2333333333333,5.02154333333333,45.3255937037037,42.2333333333333,122.227777777778
573,"35","10:1",13,1.67,12.67,21.33,11.89,60.3,16.1,50.3,42.2333333333333,5.02154333333333,50.347137037037,NA,134.117777777778
574,"35","10:1",14,3.33,19.3333333333333,30,17.5544444444444,9.8,1.9,34.6,15.4333333333333,7.41382703703704,57.7609640740741,NA,151.672222222222
575,"35","10:1",15,3.33,19.33,39,20.5533333333333,9.8,1.9,34.6,15.4333333333333,3.17206444444444,60.9330285185185,15.4333333333333,172.225555555556
576,"35","10:1",16,3.33,19.33,30,17.5533333333333,9.8,1.9,34.6,15.4333333333333,2.70906444444444,63.642092962963,NA,189.778888888889
577,"35","10:1",17,3.67,19.33,17.6666666666667,13.5555555555556,51.5,3.2,4.8,19.8333333333333,2.09207407407407,65.734167037037,NA,203.334444444444
578,"35","10:1",18,3.67,19.33,17.67,13.5566666666667,51.5,3.2,4.8,19.8333333333333,2.68873888888889,68.4229059259259,19.8333333333333,216.891111111111
579,"35","10:1",19,3.67,19.33,17.67,13.5566666666667,51.5,3.2,4.8,19.8333333333333,2.68873888888889,71.1116448148148,NA,230.447777777778
580,"35","10:1",20,18.3333333333333,19.33,27,21.5544444444444,19.9,4.8,3.3,9.33333333333333,4.27496481481481,75.3866096296296,NA,252.002222222222
581,"35","10:1",21,18.33,19.33,27,21.5533333333333,19.9,4.8,3.3,9.33333333333333,2.01164444444444,77.3982540740741,9.33333333333333,273.555555555556
582,"35","10:1",22,18.33,19.33,27,21.5533333333333,19.9,4.8,3.3,9.33333333333333,2.01164444444444,79.4098985185185,NA,295.108888888889
583,"35","10:1",23,1.83333333333333,19.33,13.6666666666667,11.61,0.5,5.2,10.6,5.43333333333333,1.0836,80.4934985185185,NA,306.718888888889
584,"35","10:1",24,1.83333333333333,19.33,13.6666666666667,11.61,0.5,5.2,10.6,5.43333333333333,0.63081,81.1243085185185,5.43333333333333,318.328888888889
585,"35","10:1",25,1.83333333333333,19.33,13.6666666666667,11.61,0.5,5.2,10.6,5.43333333333333,0.63081,81.7551185185185,NA,329.938888888889
586,"35","10:1",26,1.83333333333333,19.33,13.6666666666667,11.61,0.5,11,0.6,4.03333333333333,0.63081,82.3859285185185,NA,341.548888888889
587,"35","10:1",27,1.83333333333333,19.33,13.6666666666667,11.61,0.5,11,0.6,4.03333333333333,0.46827,82.8541985185185,4.03333333333333,353.158888888889
588,"35","10:1",28,1.83333333333333,19.33,13.6666666666667,11.61,0.5,11,0.6,4.03333333333333,0.46827,83.3224685185185,NA,364.768888888889
589,"35","10:1",29,5,19.33,36.6666666666667,20.3322222222222,1.7,4,16.8,7.5,0.820066296296296,84.1425348148148,NA,385.101111111111
590,"35","10:1",30,5,19.33,36.67,20.3333333333333,1.7,4,16.8,7.5,1.525,85.6675348148148,7.5,405.434444444445
591,"35","10:1",31,5,19.33,36.67,20.3333333333333,1.7,4,16.8,7.5,1.525,87.1925348148148,NA,425.767777777778
592,"35","10:1",32,2,19.33,13.25,11.5266666666667,10.3,6.7,39.6,18.8666666666667,0.8645,88.0570348148148,NA,437.294444444444
593,"35","10:1",33,2,19.33,13.25,11.5266666666667,10.3,6.7,39.6,18.8666666666667,2.17469777777778,90.2317325925926,18.8666666666667,448.821111111111
594,"35","10:1",34,2,19.33,13.25,11.5266666666667,10.3,6.7,39.6,18.8666666666667,2.17469777777778,92.4064303703704,NA,460.347777777778
595,"35","10:1",35,2,19.33,13.25,11.5266666666667,10.3,6.7,39.6,18.8666666666667,2.17469777777778,94.5811281481482,18.8666666666667,471.874444444444
596,"35","5:1",1,NA,NA,NA,NA,NA,NA,NA,NA,NA,NA,NA,NA
597,"35","5:1",2,123,1,NA,62,32.4,58.5,NA,45.45,0,0,0,62
598,"35","5:1",3,11,2,NA,6.5,32.4,58.5,NA,45.45,2.68568181818182,2.68568181818182,45.45,68.5
599,"35","5:1",4,11,2,NA,6.5,32.4,58.5,NA,45.45,2.68568181818182,5.37136363636364,NA,75
600,"35","5:1",5,11,2,NA,6.5,32.4,58.5,NA,45.45,2.68568181818182,8.05704545454545,NA,81.5
601,"35","5:1",6,11,1,NA,6,36.7,58.5,NA,47.6,2.47909090909091,10.5361363636364,NA,87.5
602,"35","5:1",7,11,2,NA,6.5,36.7,58.5,NA,47.6,2.81272727272727,13.3488636363636,47.6,94
603,"35","5:1",8,12.6,1,NA,6.8,36.7,38,NA,37.35,2.94254545454545,16.2914090909091,NA,100.8
604,"35","5:1",9,12.6,2,NA,7.3,36.7,38,NA,37.35,2.47868181818182,18.7700909090909,37.35,108.1
605,"35","5:1",10,12.6,1,NA,6.8,13.6,38,NA,25.8,2.30890909090909,21.079,NA,114.9
606,"35","5:1",11,12.6,18.3333333333333,NA,15.4666666666667,13.6,37.8,NA,25.7,3.62763636363636,24.7066363636364,25.8,130.366666666667
607,"35","5:1",12,12.6,18.33,NA,15.465,13.6,37.8,NA,25.7,3.61318636363636,28.3198227272727,25.7,145.831666666667
608,"35","5:1",13,8.4,18.33,NA,13.365,13.6,37.8,NA,25.7,3.12255,31.4423727272727,NA,159.196666666667
609,"35","5:1",14,8.4,31,NA,19.7,14.3,45.3,NA,29.8,4.60263636363636,36.0450090909091,NA,178.896666666667
610,"35","5:1",15,8.4,31,NA,19.7,14.3,45.3,NA,29.8,5.33690909090909,41.3819181818182,29.8,198.596666666667
611,"35","5:1",16,8.4,31,NA,19.7,14.3,45.3,NA,29.8,5.33690909090909,46.7188272727273,NA,218.296666666667
612,"35","5:1",17,8.4,21.6666666666667,NA,15.0333333333333,14.3,21.2,NA,17.75,4.07266666666667,50.7914939393939,NA,233.33
613,"35","5:1",18,9.2,21.67,NA,15.435,54.6,21.2,NA,37.9,2.49064772727273,53.2821416666667,17.75,248.765
614,"35","5:1",19,9.2,21.67,NA,15.435,54.6,21.2,NA,37.9,5.31805909090909,58.6002007575757,37.9,264.2
615,"35","5:1",20,9.2,22.6666666666667,NA,15.9333333333333,54.6,2.2,NA,28.4,5.48975757575758,64.0899583333333,NA,280.133333333333
616,"35","5:1",21,9.2,22.67,NA,15.935,54.6,2.2,NA,28.4,4.11412727272727,68.2040856060606,28.4,296.068333333333
617,"35","5:1",22,9.2,22.67,NA,15.935,40.9,2.2,NA,21.55,4.11412727272727,72.3182128787879,NA,312.003333333333
618,"35","5:1",23,9.8,20.6666666666667,NA,15.2333333333333,40.9,44.2,NA,42.55,2.98434848484848,75.3025613636364,21.55,327.236666666667
619,"35","5:1",24,9.8,20.67,NA,15.235,40.9,44.2,NA,42.55,5.893175,81.1957363636364,42.55,342.471666666667
620,"35","5:1",25,9.8,20.67,NA,15.235,40.9,44.2,NA,42.55,5.893175,87.0889113636364,NA,357.706666666667
621,"35","5:1",26,9.8,6.66666666666667,NA,8.23333333333333,49.2,44.2,NA,46.7,3.18480303030303,90.2737143939394,NA,365.94
622,"35","5:1",27,9.8,6.67,NA,8.235,49.2,44.2,NA,46.7,3.49613181818182,93.7698462121212,46.7,374.175
623,"35","5:1",28,7.25,6.67,NA,6.96,49.2,44.2,NA,46.7,2.95483636363636,96.7246825757576,NA,381.135
624,"35","5:1",29,7.25,4.75,NA,6,49.2,45.3,NA,47.25,2.54727272727273,99.2719553030303,NA,387.135
625,"35","5:1",30,7.25,4.75,NA,6,49.2,45.3,NA,47.25,2.57727272727273,101.849228030303,47.25,393.135
626,"35","5:1",31,7.26,4.75,NA,6.005,NA,45.3,NA,45.3,2.57942045454545,104.428648484848,NA,399.14
627,"35","5:1",32,84.5,4.75,NA,44.625,NA,62.7,NA,62.7,18.3773863636364,122.806034848485,45.3,443.765
628,"35","5:1",33,84.5,3.66666666666667,NA,44.0833333333333,NA,62.7,NA,62.7,25.1275,147.933534848485,62.7,487.848333333333
629,"35","5:1",34,84.5,3.66666666666667,NA,44.0833333333333,NA,62.7,NA,62.7,25.1275,173.061034848485,NA,531.931666666667
630,"35","5:1",35,84.5,3.67,NA,44.085,NA,62.7,NA,62.7,25.12845,198.189484848485,62.7,576.016666666667
631,"35","4:1",1,NA,NA,NA,NA,NA,NA,NA,NA,NA,NA,NA,NA
632,"35","4:1",2,17,81.3333333333333,NA,49.1666666666667,4.2,3.1,NA,3.65,0,0,0,49.1666666666667
633,"35","4:1",3,2,81.33,NA,41.665,42.3,3.1,NA,22.7,0.724177380952381,0.724177380952381,3.65,90.8316666666667
634,"35","4:1",4,2,81.33,NA,41.665,42.3,3.1,NA,22.7,4.50378809523809,5.22796547619047,22.7,132.496666666667
635,"35","4:1",5,2,35,NA,18.5,42.3,39.8,NA,41.05,1.9997619047619,7.22772738095238,NA,150.996666666667
636,"35","4:1",6,2,35,NA,18.5,42.3,39.8,NA,41.05,3.61630952380952,10.8440369047619,41.05,169.496666666667
637,"35","4:1",7,2,35,NA,18.5,42.3,39.8,NA,41.05,3.61630952380952,14.4603464285714,NA,187.996666666667
638,"35","4:1",8,2,31,NA,16.5,42.3,38.3,NA,40.3,3.22535714285714,17.6857035714286,NA,204.496666666667
639,"35","4:1",9,1,31,NA,16,62.1,38.3,NA,50.2,3.07047619047619,20.7561797619048,40.3,220.496666666667
640,"35","4:1",10,1,31,NA,16,62.1,38.3,NA,50.2,3.8247619047619,24.5809416666667,50.2,236.496666666667
641,"35","4:1",11,1,38,NA,19.5,62.1,57.6,NA,59.85,4.66142857142857,29.2423702380952,NA,255.996666666667
642,"35","4:1",12,1,38,NA,19.5,62.1,57.6,NA,59.85,5.5575,34.7998702380952,59.85,275.496666666667
643,"35","4:1",13,1,38,NA,19.5,62.1,57.6,NA,59.85,5.5575,40.3573702380952,NA,294.996666666667
644,"35","4:1",14,1,51.3333333333333,NA,26.1666666666667,62.1,8.5,NA,35.3,7.4575,47.8148702380952,NA,321.163333333333
645,"35","4:1",15,2,51.33,NA,26.665,62.1,8.5,NA,35.3,4.48225952380952,52.2971297619048,35.3,347.828333333333
646,"35","4:1",16,2,51.33,NA,26.665,40.7,8.5,NA,24.6,4.48225952380952,56.7793892857143,35.3,374.493333333333
647,"35","4:1",17,2,69,NA,35.5,40.7,61.4,NA,51.05,4.15857142857143,60.9379607142857,24.6,409.993333333333
648,"35","4:1",18,2,69,NA,35.5,40.7,61.4,NA,51.05,8.62988095238095,69.5678416666667,51.05,445.493333333333
649,"35","4:1",19,2,69,NA,35.5,40.7,61.4,NA,51.05,8.62988095238095,78.1977226190476,NA,480.993333333333
650,"35","4:1",20,2,84,NA,43,40.7,47.9,NA,44.3,10.4530952380952,88.6508178571428,NA,523.993333333333
651,"35","4:1",21,3,84,NA,43.5,40.7,47.9,NA,44.3,9.17642857142857,97.8272464285714,44.3,567.493333333333
652,"35","4:1",22,3,84,NA,43.5,31.8,47.9,NA,39.85,9.17642857142857,107.003675,NA,610.993333333333
653,"35","4:1",23,3,70,NA,36.5,31.8,68.3,NA,50.05,6.92630952380952,113.92998452381,39.85,647.493333333333
654,"35","4:1",24,3,70,NA,36.5,31.8,68.3,NA,50.05,8.69916666666666,122.629151190476,50.05,683.993333333333
655,"35","4:1",25,3,70,NA,36.5,31.8,68.3,NA,50.05,8.69916666666666,131.328317857143,NA,720.493333333333
656,"35","4:1",26,3,86,NA,44.5,31.8,64.6,NA,48.2,10.6058333333333,141.934151190476,NA,764.993333333333
657,"35","4:1",27,2,86,NA,44,31.8,64.6,NA,48.2,10.0990476190476,152.033198809524,48.2,808.993333333333
658,"35","4:1",28,2,86,NA,44,31.8,64.6,NA,48.2,10.0990476190476,162.132246428571,NA,852.993333333333
659,"35","4:1",29,2,38.3333333333333,NA,20.1666666666667,31.8,53.3,NA,42.55,4.62873015873016,166.760976587302,NA,873.16
660,"35","4:1",30,2,38.33,NA,20.165,69,53.3,NA,61.15,4.08581309523809,170.84678968254,42.55,893.325
661,"35","4:1",31,2,38.33,NA,20.165,69,53.3,NA,61.15,5.87185595238095,176.718645634921,61.15,913.49
662,"35","4:1",32,2,60,NA,31,69,56.3,NA,62.65,9.02690476190476,185.745550396825,NA,944.49
663,"35","4:1",33,2,60,NA,31,69,56.3,NA,62.65,9.24833333333333,194.993883730159,62.65,975.49
664,"35","4:1",34,2,60,NA,31,69,56.3,NA,62.65,9.24833333333333,204.242217063492,NA,1006.49
665,"35","4:1",35,3,60,NA,31.5,69,56.3,NA,62.65,9.3975,213.639717063492,62.65,1037.99
666,"35","3:1",1,NA,NA,NA,NA,NA,NA,NA,NA,NA,NA,NA,NA
667,"35","3:1",2,51,10,NA,30.5,3.9,6.9,NA,5.4,0,0,0,30.5
668,"35","3:1",3,9,10,NA,9.5,4.9,6.9,NA,5.9,0.466363636363636,0.466363636363636,5.4,40
669,"35","3:1",4,9,10,NA,9.5,4.9,6.9,NA,5.9,0.509545454545455,0.975909090909091,5.9,49.5
670,"35","3:1",5,9,10,NA,9.5,4.9,72.9,NA,38.9,0.509545454545455,1.48545454545455,NA,59
671,"35","3:1",6,9,10,NA,9.5,4.9,72.9,NA,38.9,3.35954545454545,4.845,38.9,68.5
672,"35","3:1",7,9,10,NA,9.5,4.9,72.9,NA,38.9,3.35954545454545,8.20454545454545,NA,78
673,"35","3:1",8,7,18.3333333333333,NA,12.6666666666667,4.9,72.9,NA,38.9,4.47939393939394,12.6839393939394,NA,90.6666666666667
674,"35","3:1",9,7,18.3,NA,12.65,6.1,72.9,NA,39.5,4.4735,17.1574393939394,NA,103.316666666667
675,"35","3:1",10,7,18.33,NA,12.665,6.1,72.9,NA,39.5,4.54788636363636,21.7053257575758,39.5,115.981666666667
676,"35","3:1",11,7,19.3333333333333,NA,13.1666666666667,6.1,72.9,NA,39.5,4.7280303030303,26.4333560606061,NA,129.148333333333
677,"35","3:1",12,7,19.33,NA,13.165,6.1,72.9,NA,39.5,4.72743181818182,31.1607878787879,NA,142.313333333333
678,"35","3:1",13,7,19.33,NA,13.165,6.1,6.9,NA,6.5,4.72743181818182,35.8882196969697,NA,155.478333333333
679,"35","3:1",14,16.6666666666667,14.6666666666667,NA,15.6666666666667,73.6,48.9,NA,61.25,0.925757575757576,36.8139772727273,NA,171.145
680,"35","3:1",15,16.6,14.67,NA,15.635,73.6,48.9,NA,61.25,8.70585227272727,45.5198295454545,61.25,186.78
681,"35","3:1",16,16.67,14.67,NA,15.67,73.6,48.9,NA,61.25,8.72534090909091,54.2451704545455,NA,202.45
682,"35","3:1",17,16.67,17.3333333333333,NA,17.0016666666667,73.6,NA,NA,73.6,9.46683712121212,63.7120075757576,NA,219.451666666667
683,"35","3:1",18,16.67,17.33,NA,17,18.9,NA,NA,18.9,11.3745454545455,75.086553030303,58.6,236.451666666667
684,"35","3:1",19,16.67,17.33,NA,17,18.9,NA,NA,18.9,2.92090909090909,78.0074621212121,58.9,253.451666666667
685,"35","3:1",20,7.5,37.3333333333333,NA,22.4166666666667,18.9,NA,NA,18.9,3.85159090909091,81.859053030303,NA,275.868333333333
686,"35","3:1",21,7.5,37.33,NA,22.415,18.9,NA,NA,18.9,3.85130454545454,85.7103575757576,NA,298.283333333333
687,"35","3:1",22,7.5,37.33,NA,22.415,26.6,NA,NA,26.6,3.85130454545454,89.5616621212121,NA,320.698333333333
688,"35","3:1",23,7.5,15,NA,11.25,26.6,NA,NA,26.6,2.72045454545455,92.2821166666666,51.6,331.948333333333
689,"35","3:1",24,7.5,15,NA,11.25,26.6,NA,NA,26.6,2.72045454545455,95.0025712121212,NA,343.198333333333
690,"35","3:1",25,7.5,15,NA,11.25,26.6,NA,NA,26.6,2.72045454545455,97.7230257575757,NA,354.448333333333
691,"35","3:1",26,7.5,15,NA,11.25,26.6,NA,NA,26.6,2.72045454545455,100.44348030303,NA,365.698333333333
692,"35","3:1",27,17.5,15,NA,16.25,57.1,NA,NA,57.1,3.92954545454545,104.373025757576,NA,381.948333333333
693,"35","3:1",28,21,15,NA,18,57.1,NA,NA,57.1,9.34363636363636,113.716662121212,57.1,399.948333333333
694,"35","3:1",29,21,19.6666666666667,NA,20.3333333333333,57.1,NA,NA,57.1,10.5548484848485,124.271510606061,NA,420.281666666667
695,"35","3:1",30,21,19.67,NA,20.335,57.1,NA,NA,57.1,10.5557136363636,134.827224242424,NA,440.616666666667
696,"35","3:1",31,21,19.67,NA,20.335,57.1,NA,NA,57.1,10.5557136363636,145.382937878788,NA,460.951666666667
697,"35","3:1",32,21,28.75,NA,24.875,57.1,NA,NA,57.1,12.9123863636364,158.295324242424,NA,485.826666666667
698,"35","3:1",33,32.3333333333333,28.75,NA,30.5416666666667,57.1,NA,NA,57.1,15.8539015151515,174.149225757576,NA,516.368333333333
699,"35","3:1",34,32.33,28.75,NA,30.54,57.1,NA,NA,57.1,15.8530363636364,190.002262121212,NA,546.908333333333
700,"35","3:1",35,32.33,28.75,NA,30.54,57.1,NA,NA,57.1,15.8530363636364,205.855298484848,57.1,577.448333333333
701,"35","2:1",1,NA,NA,NA,NA,NA,NA,NA,NA,NA,NA,NA,NA
702,"35","2:1",2,90.6666666666667,NA,13.75,52.2083333333333,14.8,17,0.2,10.6666666666667,0,0,0,52.2083333333333
703,"35","2:1",3,90.67,NA,13.75,52.21,14.8,17,0.2,10.6666666666667,5.56906666666667,5.56906666666667,10.6666666666667,104.418333333333
704,"35","2:1",4,90.67,NA,13.75,52.21,14.8,17,0.2,10.6666666666667,5.56906666666667,11.1381333333333,NA,156.628333333333
705,"35","2:1",5,12.6666666666667,NA,13.75,13.2083333333333,34.5,17,0.2,17.2333333333333,1.40888888888889,12.5470222222222,NA,169.836666666667
706,"35","2:1",6,12.6666666666667,NA,18.6666666666667,15.6666666666667,34.5,17,1.2,17.5666666666667,2.69988888888889,15.2469111111111,17.2333333333333,185.503333333333
707,"35","2:1",7,12.67,NA,18.67,15.67,34.5,17,1.2,17.5666666666667,2.75269666666667,17.9996077777778,17.5666666666667,201.173333333333
708,"35","2:1",8,19.3333333333333,NA,18.67,19.0016666666667,39.3,17,1.2,19.1666666666667,3.33795944444444,21.3375672222222,NA,220.175
709,"35","2:1",9,19.33,NA,31.6666666666667,25.4983333333333,39.3,17,0.2,18.8333333333333,4.88718055555556,26.2247477777778,19.1666666666667,245.673333333333
710,"35","2:1",10,19.33,NA,31.67,25.5,39.3,17,0.2,18.8333333333333,4.8025,31.0272477777778,18.8333333333333,271.173333333333
711,"35","2:1",11,15.3333333333333,NA,31.67,23.5016666666667,49.5,17,0.2,22.2333333333333,4.42614722222222,35.453395,NA,294.675
712,"35","2:1",12,15.33,NA,18.3333333333333,16.8316666666667,49.5,17,0.5,22.3333333333333,3.74224055555556,39.1956355555555,22.2333333333333,311.506666666667
713,"35","2:1",13,15.33,NA,18.33,16.83,49.5,17,0.5,22.3333333333333,3.7587,42.9543355555555,22.3333333333333,328.336666666667
714,"35","2:1",14,12.6666666666667,10,18.33,13.6655555555556,38,17,0.5,18.5,3.05197407407407,46.0063096296296,NA,342.002222222222
715,"35","2:1",15,12.6666666666667,10,16.3333333333333,13,38,17,1.6,18.8666666666667,2.405,48.4113096296296,18.5,355.002222222222
716,"35","2:1",16,12.6666666666667,10,16.33,12.9988888888889,38,27.9,1.6,22.5,2.45245703703704,50.8637666666667,18.8666666666667,368.001111111111
717,"35","2:1",17,10,8.33333333333333,16.33,11.5544444444444,38,27.9,1.6,22.5,2.59975,53.4635166666667,22.5,379.555555555556
718,"35","2:1",18,10,8.33,19,12.4433333333333,38,27.9,1.1,22.3333333333333,2.79975,56.2632666666667,NA,391.998888888889
719,"35","2:1",19,10,8.33,19,12.4433333333333,19.1,24,1.1,14.7333333333333,2.77901111111111,59.0422777777778,22.3333333333333,404.442222222222
720,"35","2:1",20,9.66666666666667,8.33,19,12.3322222222222,19.1,24,1.1,14.7333333333333,1.81694740740741,60.8592251851852,14.7333333333333,416.774444444444
721,"35","2:1",21,9.67,8.33,13.3333333333333,10.4444444444444,19.1,24,19.1,20.7333333333333,1.53881481481481,62.39804,NA,427.218888888889
722,"35","2:1",22,9.67,8.33,13.33,10.4433333333333,12,12.4,19.1,14.5,2.16525111111111,64.5632911111111,20.7333333333333,437.662222222222
723,"35","2:1",23,15.3333333333333,7.33,13.33,11.9977777777778,12,12.4,19.1,14.5,1.73967777777778,66.3029688888889,14.5,449.66
724,"35","2:1",24,15.33,7.33,14,12.22,12,12.4,8.5,10.9666666666667,1.7719,68.0748688888889,NA,461.88
725,"35","2:1",25,15.33,7.33,14,12.22,1.7,15.2,8.5,8.46666666666667,1.34012666666667,69.4149955555555,10.9666666666667,474.1
726,"35","2:1",26,6,10.67,14,10.2233333333333,1.7,15.2,8.5,8.46666666666667,0.865575555555556,70.2805711111111,8.46666666666667,484.323333333333
727,"35","2:1",27,6,10.67,18.6666666666667,11.7788888888889,1.7,15.2,21.9,12.9333333333333,0.99727925925926,71.2778503703703,8.46666666666667,496.102222222222
728,"35","2:1",28,6,10.67,18.67,11.78,1.2,18.3,21.9,13.8,1.52354666666667,72.801397037037,12.9333333333333,507.882222222222
729,"35","2:1",29,3.33,8.33,18.67,10.11,1.2,18.3,21.9,13.8,1.39518,74.196577037037,13.8,517.992222222222
730,"35","2:1",30,3.33,8.33,16.6666666666667,9.44222222222222,1.2,18.3,7.7,9.06666666666667,1.30302666666667,75.4996037037037,13.8,527.434444444444
731,"35","2:1",31,3.33,8.33,16.67,9.44333333333333,0.7,41.1,7.7,16.5,0.856195555555555,76.3557992592592,9.06666666666667,536.877777777778
732,"35","2:1",32,3,5.5,16.67,8.39,0.7,41.1,7.7,16.5,1.38435,77.7401492592592,16.5,545.267777777778
733,"35","2:1",33,3,5.5,12.6666666666667,7.05555555555555,0.7,41.1,30.8,24.2,1.16416666666667,78.9043159259259,NA,552.323333333333
734,"35","2:1",34,3,5.5,12.67,7.05666666666667,0.7,41.1,30.8,24.2,1.70771333333333,80.6120292592592,NA,559.38
735,"35","2:1",35,3,5.5,12.67,7.05666666666667,0.7,41.1,30.8,24.2,1.70771333333333,164.639485185185,24.2,566.436666666667
